u,v
1684,4481
2352,2699
2218,4870
1505,703
4806,2010
2467,351
200,2304
3054,218
4533,4953
1260,937
2119,4387
447,1987
1849,1324
4551,1188
1850,4013
3953,1742
501,574
3840,430
2622,4905
4345,999
1055,3928
4861,3969
3007,3611
4002,1168
205,2689
804,1310
2068,4894
1715,1386
1201,1081
101,757
2498,86
2983,1578
53,2703
2114,1722
3522,1260
4576,2555
3558,2539
1298,3246
1519,4078
4852,1547
3272,295
957,2128
839,2653
340,2596
4780,1705
970,2750
2671,4301
2970,2563
4034,3623
3595,4988
250,3263
2536,2157
3516,564
4440,2540
4247,4795
777,169
2709,4571
3405,3027
2155,3844
1149,1457
1538,969
3101,1277
4175,3965
3462,792
3322,191
1047,2234
280,2791
4600,3544
1456,4951
4125,3288
4583,2035
4926,2327
2964,358
4549,1789
4418,1277
1859,3120
899,4761
4421,4348
1003,1614
3977,253
595,3350
1868,3295
2075,1102
1964,4515
4493,1015
1410,3564
3266,3235
1574,1001
2509,2756
1120,1438
3732,1982
15,617
2315,3444
2003,4128
3546,3837
7,1807
1790,4525
1200,340
2254,2595
3818,1110
1219,1340
1391,3580
4840,4523
751,2736
4760,3724
174,3084
2214,1088
17,3141
1885,1820
704,4203
4375,1675
4071,1436
2530,2002
4160,1779
2397,3539
1801,1857
4855,2049
1557,516
1915,4865
2037,2725
2153,1038
3508,4920
1250,2142
4419,2156
2028,3259
4278,466
1094,4080
3000,1679
4442,4805
1198,2471
4163,2819
2623,1285
1571,234
3371,2581
2860,3271
3175,3865
2959,3170
2943,695
473,4277
662,3806
1294,3679
637,3458
930,1048
1034,4400
2523,1619
939,2799
3576,1513
768,3718
368,1126
1159,1010
1138,3056
2569,2611
3651,4706
413,968
1576,1790
3740,2950
2750,3555
3654,2706
2773,1353
560,2802
1069,1710
2469,931
1470,1179
123,4525
2193,1759
2668,21
4267,1858
4269,2161
1204,221
3398,943
4296,2065
1550,1963
3378,1048
1767,3986
984,1428
4051,1198
4430,1555
1021,3162
797,2131
548,3786
585,1896
4320,95
120,3002
1921,776
3676,3115
3465,4126
187,1819
622,1286
3585,191
4270,1463
4672,617
3009,1216
244,1913
560,2470
4739,3390
1647,2719
726,515
3935,375
3809,1867
303,4227
3992,4556
4292,1731
3311,1468
3697,4753
1673,3557
1638,862
1630,167
1128,2078
2893,36
4684,1771
3802,603
4577,4452
2838,3365
2245,3895
2104,2008
4653,3415
2441,112
1930,2309
3218,741
1103,42
2758,4532
4952,2900
3718,4435
3532,712
2788,487
858,2359
2825,2002
2196,268
855,3543
4943,2572
1399,1348
1500,3905
1056,2028
3331,4369
1977,3752
1221,4869
1742,4549
180,4947
3817,1837
4837,139
4280,2154
2240,1856
711,1947
2545,1825
2733,1223
1773,1390
2404,3029
3576,2669
4812,3383
1164,1684
1317,825
4805,3308
1821,4959
3812,2178
557,2694
4188,3774
2371,3840
643,2503
2636,4315
2446,2482
483,1228
1422,4506
3051,2734
3252,3625
4722,507
1921,1050
3529,4455
3116,2939
1854,2583
2438,4032
1289,1095
2999,3076
3549,1487
60,72
1284,3100
4962,2764
1456,4301
954,1201
537,4007
3066,2167
723,1134
2180,1392
3770,1002
752,1435
3072,1867
3521,2494
1735,4369
3957,157
4898,2405
4424,4146
2291,3409
3321,680
1766,806
1544,2441
2250,2161
3222,1702
99,1888
4629,1259
2796,1781
1977,3077
3493,4881
4232,643
4048,222
768,1218
1156,2250
3504,2260
4442,3978
1495,1783
2562,3848
3848,657
2484,644
981,3621
1233,107
4239,3222
1952,3736
1221,3367
267,3551
825,460
2639,3172
1108,2378
3860,4510
3212,3891
2726,180
2788,1184
1166,3168
2060,1729
232,3639
2760,4293
494,4046
2569,1746
2424,1672
586,4256
2811,3874
3470,1670
3810,1979
586,3428
2334,1620
2835,3091
1538,4318
4456,1433
2848,2663
154,2756
4026,2471
1968,527
4032,4931
4747,1870
4146,2470
4461,3695
2552,4695
3400,3658
1861,4338
3198,1525
4707,4092
2649,3815
4515,3602
1091,1320
2816,1021
33,103
4163,3744
1620,538
2432,22
4264,101
4953,3674
3971,1308
1604,4010
3927,769
1088,4387
4491,4214
1464,821
2810,4540
1360,623
1585,2755
2954,2893
4988,3532
92,3837
3883,1320
3216,3604
3209,4052
759,2904
1752,1279
3462,2360
4054,4852
2254,4681
935,501
372,3386
1044,3129
1889,1817
4092,3732
1342,404
1624,578
152,1737
1134,3765
3820,1008
3833,1451
1523,4270
2789,2453
1280,3895
3376,8
4356,725
1377,595
825,4505
3175,2981
1847,646
3275,4375
2044,3334
1363,2430
1524,2159
4508,1856
302,2507
2563,2387
1317,2024
1332,372
1033,3228
4316,4943
4720,316
2609,4109
3853,2259
4433,3462
881,591
1641,3230
1715,526
1699,1960
836,4396
515,695
4820,4276
3807,1082
3588,4408
2378,1695
4189,4402
151,4664
1101,1442
4151,787
4049,1081
1714,2426
965,292
1263,3296
4004,2101
799,3908
4043,3292
2998,1020
1004,1577
2899,2951
4988,1047
2637,2776
3097,4223
3339,3618
4078,3973
457,69
2128,3950
2346,3210
4323,1713
1216,3622
2802,1067
1249,3043
2648,4327
2878,2916
3913,2337
357,2910
1712,3890
1572,3861
1604,3004
3118,1065
4725,27
3995,4606
2399,458
1720,4170
675,1284
717,2728
2851,3205
706,860
3012,3881
16,1362
1441,3045
1328,3876
467,850
4944,2126
4992,4300
3737,1318
636,4723
1435,78
699,1331
4384,2907
4076,4399
3668,2927
2103,2511
1747,3708
4181,941
4475,4949
4482,1415
775,1584
4645,619
786,816
3558,191
2300,1802
574,926
2903,818
669,961
3594,141
2803,3936
1729,525
1651,2377
2922,158
1221,3704
2846,1349
4739,1403
3823,785
444,938
387,2065
4135,2004
2034,4002
1588,506
813,1860
309,4534
2013,942
420,334
2992,1852
1426,4105
3771,4497
3484,3969
4980,4649
2285,4522
3068,1185
1216,3674
1443,2270
3800,2317
2188,4433
4300,329
2741,4110
1806,3318
2051,4156
3131,3511
3994,4937
2690,1477
419,3376
4202,2273
354,105
743,4672
1674,2672
2334,4573
410,680
4310,3928
2339,3360
4806,4788
115,4848
3971,2142
1284,3451
4941,3986
4424,527
1999,3243
432,4814
2527,36
1373,4703
3652,2565
1435,1449
1358,936
4340,46
3787,3996
1540,2032
1955,2888
3546,3680
2549,2173
332,3532
3216,4895
2409,3443
3571,278
1655,3328
1601,4979
247,1885
192,2885
2017,1069
4665,4240
2052,812
739,1551
904,3924
4715,705
1510,4567
4363,3845
3460,3955
590,1147
4801,4142
1314,4373
3490,3933
2628,4658
1963,3487
629,1378
2970,4944
2168,4187
4758,2205
2212,4729
2119,3591
1059,4224
591,959
1887,4048
2166,4397
1876,1857
178,4992
4459,43
821,3144
2155,1508
2962,336
1175,947
1992,1348
4166,2469
3015,97
1254,3607
1462,286
913,4018
1137,2205
325,2755
3110,473
1146,4584
244,3643
1534,3985
4298,1631
2574,411
542,4103
913,782
193,4420
2783,1456
1013,3183
4207,1913
1248,4031
786,2140
2250,4097
4886,4819
1975,2386
4632,635
1758,1168
1314,2696
1028,3129
1161,3695
4867,2588
2479,2347
4465,1433
1640,2855
800,875
965,1646
3652,3960
258,4501
4543,4264
90,422
920,3575
4199,2887
3641,3018
1401,1039
3550,524
3365,1455
3542,2424
3615,662
3093,1139
2642,3476
1101,3898
4451,3631
270,3133
3616,234
1031,1580
2127,884
1229,2397
4431,42
1426,4151
56,1120
1100,1312
3741,4049
3955,2567
2219,311
1556,4293
4011,264
2417,4500
2490,2304
686,2282
3704,4745
528,376
4590,1439
93,2242
4914,247
3807,1549
697,939
4447,489
1396,3558
244,3317
1664,3572
3537,4828
3884,2046
1485,3443
3639,2826
2578,2030
634,1043
3858,1921
4979,3583
2954,116
3813,4059
2434,2922
3474,3612
1953,4347
2902,306
4710,4180
4433,4793
503,4935
3654,1112
3290,4798
3946,4194
4748,1012
4862,3685
3880,2960
323,183
2046,3930
2178,3134
1770,3242
927,2543
3997,1835
1006,692
3576,606
3677,3924
1773,498
1131,4337
2170,3755
4897,1200
2799,452
4602,2730
4358,15
694,1648
2033,3669
1311,2484
1768,4264
4871,66
2382,2437
629,3849
60,3631
1714,2944
1807,4047
4032,3575
1543,1110
1933,1392
2057,4688
1667,439
916,3395
3345,2925
4679,1641
3232,1244
4933,2575
3266,4204
2914,3860
1490,4097
3569,521
3934,4112
4807,1687
4553,1210
4780,2934
1063,2879
3152,2818
1956,582
543,181
3958,3090
3622,2704
519,4764
4301,1570
4727,4738
1896,4480
188,4911
921,3356
3248,4382
280,2164
3974,1396
4110,4491
3900,209
2013,4812
3933,1830
4593,2641
4001,3746
820,3499
3628,88
177,276
1923,4869
4425,839
103,1774
2902,3841
4452,389
3349,2425
3559,1699
4587,3208
4771,4266
1728,2493
1264,133
2676,2123
3298,4490
1562,1716
1626,1005
4320,4842
4354,1170
2590,3248
3466,1927
2009,1179
2464,2163
3470,3866
899,4918
4093,1049
703,4750
4984,4450
1002,4232
3783,2755
4351,1106
4537,1396
4950,4767
3793,317
1930,2112
294,3138
599,4958
983,1284
1100,997
3262,3436
4440,1354
4988,425
3345,73
927,2354
2020,2052
3095,3475
88,4305
282,903
2035,4052
1458,247
353,3124
3886,2261
3164,3226
1285,1897
1815,1840
1207,3900
1236,491
1597,266
3421,315
3075,2848
3460,434
3352,1898
1658,152
1735,2175
1223,4643
3930,3193
4511,4124
946,1660
1399,2571
4135,3489
2461,2221
993,2167
4063,3343
2123,3498
2329,3992
4138,2514
2823,3584
2847,133
4749,2852
459,4006
4780,237
1770,467
3174,4537
752,2946
1189,221
3702,3379
2763,3337
2384,875
4541,301
3394,1577
541,3538
1459,3897
2374,1829
4247,974
2752,2736
51,948
4862,4304
2545,545
964,4767
376,1830
723,2106
2913,625
4874,4133
1440,1766
3886,4510
3788,97
2148,2510
2691,2432
3786,2725
625,1766
720,283
2770,1666
753,4894
4920,257
4177,3301
4240,3186
3447,1242
2406,1814
896,3946
3592,334
3613,4911
3841,40
4774,1694
2444,1401
3786,3355
4881,1632
3096,3371
3357,9
3903,1003
321,2863
1940,1243
1307,2639
3672,3952
2962,417
2605,4325
4103,4422
975,854
630,2756
1309,4218
4940,2255
165,3426
410,3394
1093,4997
365,1708
3850,3961
2470,19
2897,534
2177,1051
3875,1845
3979,3252
3481,1114
108,3922
559,976
3775,3209
1221,2184
3115,2371
3132,924
2077,1443
4236,3509
4106,2326
3489,3433
183,2889
2672,4101
4287,3421
4577,747
1931,3097
3975,3178
1018,3928
1649,1346
4591,4875
2265,2310
1653,1761
4317,506
268,403
2305,2609
310,790
2507,2086
3979,989
3303,3722
1887,1133
24,4872
1604,3980
1368,4078
3331,635
2632,3453
1110,4433
4732,4840
3730,99
3704,4194
2385,1163
1121,762
524,3390
65,410
2794,2780
2709,3566
4658,1018
3507,4261
271,4814
4018,686
4078,1398
2771,3044
2440,2344
3211,71
1451,4878
3900,4107
888,4627
3583,3490
4468,1605
4554,1082
1769,1124
1876,4682
2486,4368
3916,4324
42,2002
945,4224
1494,4340
79,889
833,4982
917,3759
1615,2041
4163,4233
4023,1115
939,1017
2657,2171
2613,4388
4745,4043
4797,3468
3412,980
1940,3182
522,1215
3366,4070
155,2201
3980,2249
3836,2153
3063,4772
826,3051
3807,1740
2948,2702
2853,969
1285,3360
148,3364
3215,567
4007,156
3263,4113
1383,2514
1090,4939
317,3358
4912,2862
3950,1417
1641,1577
3118,1461
4284,587
531,2711
3224,4988
3927,4710
2238,4705
4011,2387
2325,3082
2621,3532
4298,2814
1166,3308
1772,1798
130,2112
2742,4741
1914,3341
728,396
4567,3779
516,4977
129,2612
2546,3227
1607,3456
1944,630
1202,1211
1210,3690
227,4046
2185,4288
2203,973
125,690
1483,1435
2803,506
325,879
2763,28
1278,3786
273,4952
2471,2239
1530,3436
3443,23
50,2120
4290,4187
629,1767
83,2750
4015,3789
4289,4371
283,1732
495,92
1143,2718
3730,673
4478,3179
3346,4630
3396,2045
859,1996
1645,4639
4692,411
1058,4883
4316,2412
4348,1414
4522,1964
4979,4279
3407,4636
1624,2727
2603,677
1033,143
1849,945
4867,1896
3740,4798
3955,617
4578,974
1794,2919
2586,1381
1823,3241
1168,4777
2674,278
4298,4368
472,4827
1461,1259
160,4115
84,2016
2108,802
4972,562
779,3571
2123,3552
2959,540
40,4583
2502,2487
4198,3165
886,518
1553,2995
3420,879
2092,213
444,3004
4650,3306
2039,2955
1264,2747
4751,3651
3216,3592
3002,2458
2493,1446
672,3187
4941,2666
3587,82
3955,3862
2667,2985
597,3037
1389,2412
1106,2788
2716,2414
4535,3815
377,4845
161,4989
2443,3746
4165,3225
512,943
3821,3040
108,323
3004,1015
3021,2936
862,3437
1736,2324
478,4319
2225,1327
4756,3466
2831,4136
2307,1242
2130,135
4323,2142
797,1031
2260,1010
3262,3802
3960,1416
2232,733
1809,394
3533,3894
3652,754
1967,4109
2928,2162
2779,4760
4951,665
4126,1258
1521,3031
891,455
96,1926
3297,619
2094,2444
1015,1494
99,819
704,4868
4140,1986
3052,3273
4438,207
504,4133
1405,2933
1016,60
1178,1847
3615,1504
1572,4461
4975,3935
1008,1643
4826,3635
827,1216
2785,4464
4681,262
341,225
202,1507
1687,1199
418,2916
3922,3767
228,4479
3851,1195
4232,3059
3889,2507
3261,1088
4003,564
3521,4893
574,2219
318,3107
391,471
2910,3971
3821,2088
2539,4523
3685,2872
4756,2023
1521,874
3406,2821
446,2904
2386,810
1770,4942
2370,868
1282,2298
121,768
1485,2126
1851,2445
2168,4647
3039,3051
282,677
1074,4136
4424,3139
615,558
690,299
300,4798
2281,4966
193,4341
1320,4152
470,2867
4302,49
29,2634
493,3574
3791,3613
699,4023
3384,2109
4371,2777
4808,2809
4648,4517
311,3790
2640,3667
1462,3566
839,3910
1959,3000
746,3150
3273,2583
1717,940
2485,62
2964,4884
3092,4781
4456,3327
1650,4670
1251,2382
3861,3548
2389,1146
418,3985
2703,1882
1869,3643
600,444
1301,3306
4359,822
611,3839
1835,2142
1473,3378
95,1526
55,545
2365,4495
2377,3666
4511,3725
1470,344
2174,3346
297,4647
4147,4943
2326,2981
4321,4487
46,4413
4130,3013
4899,3968
4302,835
513,184
899,3857
1394,1095
3058,1242
858,1456
639,1972
1015,2120
2646,4592
2908,2093
2871,4861
1535,1293
1217,1153
2611,1888
532,4753
2658,2910
1847,230
2457,4926
2069,1482
2993,4268
4714,2781
229,3918
616,4706
3008,263
1046,4420
3526,3385
3849,1143
915,1455
3933,1400
818,1967
4632,4164
3039,1638
2887,4025
4400,2713
871,2749
3380,2662
1982,1367
494,747
1494,1325
3578,1188
908,4735
361,401
3649,4877
1438,417
1457,669
4717,1561
3171,423
2064,3612
128,2175
1266,2158
2483,4679
1462,3772
3577,1363
491,3038
2368,142
138,468
1476,3290
4185,504
241,4964
4062,3347
2704,4236
4729,3619
3174,1659
2971,73
2922,3176
2835,2802
2734,972
1756,4971
3507,1004
3574,1679
29,4831
66,544
3496,4469
3034,2100
3525,1595
4114,1398
4013,4486
1493,1050
1372,4143
2163,3713
1334,477
4793,903
2184,1534
1692,3697
1366,3718
116,2887
2022,3998
2344,3237
3859,4280
655,1252
666,2492
3887,2723
3010,3830
951,4456
1279,827
1335,2350
3917,165
533,255
908,1451
1696,2880
2456,4515
3092,3245
3379,3401
2855,4014
2536,1149
4098,4669
3414,2885
3917,3912
315,1282
4382,2387
1243,3081
1274,4604
35,1687
2939,1916
3476,1090
900,292
357,4566
2275,4388
1907,72
940,1627
2811,3919
4536,1599
2600,4904
4957,4945
667,2363
4059,1380
472,3333
1155,730
4460,2190
2529,1352
438,1351
1585,3578
4804,4645
2306,289
1214,51
1510,3171
2352,1175
2078,611
5,4
788,2076
3260,3738
4228,1314
1740,1212
107,3881
2233,4054
4027,2056
1596,2507
793,4006
1442,2210
2884,1386
4610,3462
3538,2008
2681,2843
4472,1982
375,4817
4339,1429
501,1669
2924,3415
3209,3128
1004,2324
2557,3736
3237,4446
2931,723
1400,552
2710,1231
1566,3054
3071,748
4881,1523
1474,1424
2909,787
2303,2709
4413,3692
4343,40
4681,2578
4369,3462
4944,295
336,274
4709,4576
1157,1538
4644,1060
4171,1508
3001,4096
2013,3821
1283,4287
191,948
4019,2731
3335,3679
514,1264
614,54
1388,110
4041,715
238,4152
60,2582
3723,1903
1162,4472
3012,4957
1609,4749
4178,3042
3148,4194
3360,388
2535,3189
3143,2602
1742,4083
1409,3127
1404,4826
3679,307
4497,4224
4574,2005
1052,4154
3008,2301
2079,1089
4243,4472
4760,4737
3533,2904
959,4451
481,2831
2816,2787
2330,1110
209,2826
1912,2429
2208,1676
3329,4742
503,2694
2874,3211
2193,4649
2302,2125
4555,3223
2642,3873
4435,4043
1951,4298
3809,4841
4957,2975
2043,4550
3285,2817
3765,2713
817,2995
855,493
2395,3307
4787,2224
4510,4124
3157,2772
4744,2512
2585,704
4222,4407
2750,179
1424,3972
520,619
600,3798
3636,3830
2753,3781
472,3941
4051,2300
4260,4308
3263,4516
3857,2704
3494,2591
2344,2058
108,2438
2975,3749
2312,317
4017,4307
1137,2185
3854,2922
4830,2017
82,3898
3477,3834
4900,4362
824,1229
1129,1558
1761,3164
3453,3902
2400,4498
910,4471
1023,3591
2996,4294
1096,3724
2383,905
314,2072
4799,4373
3733,2259
4139,3562
1754,3046
1720,4691
1157,1741
1509,3101
2232,1617
1875,4021
4761,2960
4124,113
3694,975
3961,699
2715,4005
2147,1332
2623,4513
3061,1215
1945,302
3705,1548
1835,4289
801,206
4018,2159
4488,2885
1890,3297
261,1646
3362,2191
3987,1463
846,3197
1240,756
4134,834
848,3169
2942,721
1465,1927
1561,3991
855,3326
2433,1723
1543,393
3602,2960
363,2935
1293,2496
2526,4027
1406,1470
1154,2051
603,1038
4677,2230
1445,4662
172,469
1495,166
3700,4740
578,3540
564,4231
3462,2158
2584,1898
4175,2403
1982,1830
3878,832
2701,4740
4001,4295
4229,1010
966,1083
956,3658
4303,3126
444,1353
3542,2176
2113,1370
2982,2110
273,3379
508,935
791,3968
3486,3787
785,2726
4247,873
3957,526
3156,4428
3915,4892
1388,4001
344,2470
4740,3905
1388,1157
719,1322
427,4459
4565,4032
4872,3751
3768,1249
2235,1968
728,2323
4986,1383
4132,2145
2502,1108
3504,4416
405,964
2295,3081
4345,1859
2793,4782
2787,3139
3035,1787
4883,190
3665,1660
1010,2252
1145,3503
64,3042
1534,3714
2938,351
2650,3046
3430,4672
2051,4235
4840,2329
1840,4941
3746,4603
4124,4392
2312,3658
1893,3406
1604,2756
2080,3979
389,2964
4591,1934
4326,4801
4729,2688
2775,936
1213,878
4592,3646
4045,3327
2011,2819
2736,137
2090,4738
765,4221
3324,1375
3749,4743
3745,880
1232,2451
2725,820
2242,4236
1636,734
2136,4103
120,1374
3965,2164
234,277
3521,4341
3257,3563
2768,51
158,3078
3104,4509
1407,3535
2097,2861
241,4839
4464,2915
2984,1328
103,1883
1975,3316
3085,2768
321,3197
1690,2933
4916,3124
2144,2462
121,1884
914,1739
4625,1683
4946,3286
3446,378
4271,4542
1940,3216
3578,3210
850,3393
3068,2547
4484,1564
1178,579
3723,570
419,4679
771,3893
2043,1979
3194,1102
3163,281
207,528
1360,4505
262,4299
2244,3326
264,2987
784,2120
3073,2829
2909,4721
2441,1676
4207,529
3864,4428
2223,4058
1532,3902
1948,3244
4746,4863
4030,1603
75,3123
3540,4755
792,4906
2116,2967
2176,2289
4475,801
2077,3854
3114,2720
3705,2142
3008,4282
2947,2597
3938,178
3680,364
822,4664
1776,4901
3889,3106
2465,935
2471,2119
216,2519
1552,1994
949,1369
2675,4764
676,4575
338,4950
4190,1320
3459,2619
3878,2472
497,1925
2424,4875
2866,476
4555,4823
797,2920
2655,4043
3107,1983
4993,1821
2011,772
1379,2951
2236,1533
447,500
943,4158
4710,2563
2947,2714
4095,1819
4197,2165
3797,2969
1632,2619
3664,614
2917,2135
4303,3195
3701,1740
4775,4338
1224,1851
4271,3112
2077,4137
902,926
1840,1026
90,866
4675,3672
2191,279
841,1604
3610,3703
3912,1177
2284,3097
2658,3787
1599,3534
2899,749
4224,2330
406,3232
1667,2647
895,4013
3885,875
511,1822
2772,1065
354,374
3283,2111
995,4341
3827,2965
2879,3143
2135,2102
3389,1000
2420,4982
2297,521
1836,4449
3539,4665
4704,2298
1899,4888
2265,1203
4728,1605
2493,4894
1513,3224
1081,1523
1806,3279
4208,93
3530,3355
557,476
190,1082
210,1491
413,4196
2795,3849
3261,156
1114,1305
4727,4936
3797,1322
1654,15
541,2041
4323,2325
2747,1124
2839,2612
1188,4478
2481,1633
2211,1577
2989,2117
4924,1575
2435,2514
3263,2241
1046,1132
3653,4552
4213,1782
1370,2911
247,4351
2674,1984
4987,3639
4454,4288
2678,843
4507,4350
1459,3734
790,1357
1108,693
2146,2355
3340,1513
3054,799
188,4224
2913,3033
644,1613
250,1719
2362,4250
4015,3644
3372,4026
1775,1930
1977,3583
4209,1411
269,2554
1055,1135
2806,2166
1222,4131
2781,2126
4451,4174
2666,1133
1298,4636
3697,1486
1864,535
363,274
4158,2260
4,4446
3328,100
3823,613
1166,4320
413,2505
2454,3107
1305,3058
4381,2662
3740,2036
688,4242
1926,985
112,815
1961,267
132,4595
4337,534
4367,743
3301,3654
499,3745
4622,1736
1765,68
535,1869
3592,3060
2595,260
1885,841
1611,4060
2314,3419
2313,3954
878,1405
807,1899
3526,2049
4801,1130
4320,1452
1897,4170
1930,43
3140,2598
4226,1121
3644,4169
163,3827
837,278
3660,2516
4491,1194
4375,566
982,4822
3885,4097
3943,3820
2080,3931
2863,1215
1147,1260
3984,1596
2169,568
3383,645
1858,848
1758,939
4224,2620
2011,94
3772,2597
1524,566
2225,371
2301,2689
3952,1171
2299,807
1622,573
565,791
171,2943
4664,1338
3466,1434
788,2407
3121,2024
2523,3212
4221,3460
1167,2910
2236,169
4559,4176
2032,1253
2161,788
2588,1416
3650,3054
4377,1513
172,1148
128,310
4159,2642
2175,4655
2235,4253
637,3266
1973,3971
2432,3116
3971,1196
3450,612
3446,4931
3318,340
1369,4391
116,3375
4608,535
1798,313
201,1316
2556,1775
4777,4932
2710,4796
3372,3238
2670,876
1193,2003
966,3135
3947,1544
4710,1931
1943,4563
2571,1813
3091,3631
4238,3723
4945,1821
250,2769
606,4125
3761,4356
1738,1348
2283,3510
4775,2645
2818,2953
3411,2648
2806,276
3251,2542
1593,4179
1578,4295
3571,2045
3584,1499
1777,3691
2798,633
971,2974
1242,3067
3100,3844
2562,2011
3558,3460
1183,514
122,4500
1688,2965
3116,2843
1499,1201
2811,3700
1913,3132
4683,3728
2024,1388
392,13
2581,1959
4068,3300
4552,4320
4220,3149
170,3048
2832,247
3029,357
4003,294
518,112
1317,2884
4553,243
25,2890
3558,3528
2798,3063
350,2384
3293,684
1889,2393
475,2653
4111,3637
2471,4832
1106,3656
1770,4476
2281,4181
2413,3504
3671,1817
4619,4885
82,4949
3180,2948
172,1909
2531,4423
783,4353
550,4985
2031,4396
3286,1035
1256,573
2613,1851
149,4060
1867,1805
663,4862
199,560
3247,1119
376,3495
4946,1610
751,1287
3480,2361
4365,1900
3470,505
3309,3596
701,3665
3887,259
144,4670
390,3859
2008,4855
431,3590
4785,2479
445,4934
4872,3941
2542,3781
2226,2325
246,2327
2171,4063
2026,928
3579,647
2267,4787
4627,3573
2812,2305
4046,719
2684,1511
411,419
1964,6
215,242
277,3223
2798,4537
2618,3508
1419,3086
2639,3874
3171,2037
4334,1838
1832,1033
3283,3479
2042,3928
3006,3085
2698,2657
457,902
179,976
4171,4025
2975,1445
2583,2128
1122,2215
837,1967
1252,2907
1891,1338
3793,23
822,357
2025,4285
4773,256
4383,2740
26,3438
1308,3226
3058,1809
925,2434
768,1425
3409,871
1115,1139
4692,1678
2738,2570
1820,2938
1757,503
783,4052
318,557
3981,2154
2066,1506
2608,473
3558,648
1896,1434
4806,4588
2950,3931
492,2158
3402,1784
4753,4778
1012,3996
4500,1745
2412,4712
754,819
1207,1927
4013,4981
3167,3859
319,423
3860,927
887,4156
2879,2415
2930,3304
2268,321
882,3887
4571,2652
2786,1029
1967,995
1879,4242
3123,806
1728,338
4028,4054
4523,3193
1480,877
4687,128
1864,851
1191,1569
971,4917
1367,2797
4826,3297
4482,2612
3808,2205
3187,4175
1929,2287
2346,2063
2445,2006
2730,1287
12,4884
3247,1925
3929,2601
3790,3363
1526,2896
2511,2286
1019,3794
3682,349
677,4024
4853,555
1600,609
3145,2767
1542,3197
3555,1922
4944,1558
1775,3281
4824,4012
3457,2129
3902,3623
4503,4097
4943,1328
2794,1773
4644,4638
1708,1780
2675,2647
3253,4985
4348,3457
3884,1144
1502,1829
3143,3598
647,302
1417,549
4094,4105
4792,2972
3431,1093
2829,3516
4568,2571
2205,1425
295,3019
739,3038
4241,3384
3831,1890
3944,3029
2177,994
746,4326
4920,3807
1112,4480
1027,4516
3670,4573
1585,4877
3214,197
214,3140
4068,1553
3521,4848
923,1744
274,1758
1692,4784
3816,3755
4839,3937
3903,247
176,262
4586,819
4594,3006
3345,2325
3949,36
1422,2583
3719,794
4676,3883
1339,4885
3779,1614
1525,2377
3222,1262
2403,1713
3150,761
425,3695
4432,4697
4969,1346
3012,3609
244,689
42,2539
232,3373
1058,3561
4837,4959
3321,1322
1912,559
4395,4282
3125,869
4411,11
2429,3060
4309,697
3551,795
3477,234
1426,2870
4231,2882
4741,90
3206,1824
640,3241
3355,2295
300,3365
4730,811
2043,935
364,789
1602,4640
3725,951
618,2023
3853,2877
4931,1739
2997,3985
1031,4553
2529,4457
4419,4863
1877,4200
3125,4473
1547,2637
608,4178
475,135
2281,393
2180,3087
4588,4407
3730,4836
2875,4108
300,1623
4451,2968
4024,4452
4041,1927
1647,2386
14,2714
1516,1640
1083,2950
2527,3334
4301,4596
4677,4137
2221,31
1179,3018
2436,4135
692,1723
1524,4074
1227,3296
2135,3111
257,474
1272,3666
3101,733
4290,4115
747,2400
2834,612
2353,2807
4029,215
99,2599
128,3487
2505,4448
2511,4087
750,3773
3664,153
3065,858
942,941
3860,2075
2317,3378
3737,1975
1050,2542
2860,1605
4689,859
2823,4613
3622,2825
2264,2660
3236,548
3696,3767
1362,1139
199,1865
2545,4322
3238,1079
307,4033
2303,227
649,4206
1619,480
515,2668
523,117
2554,2558
1238,2189
1282,1471
3240,2854
483,3547
3551,3149
384,3877
3254,3653
2535,51
1351,4240
4558,830
888,2142
4734,1971
4334,1573
4457,1378
4705,1266
836,66
1613,3649
2069,3372
1063,3345
3958,1916
3319,1782
3408,4262
1126,1242
1151,2814
2024,4777
3148,3766
309,1302
389,1215
3072,4998
2803,3446
680,2362
2347,3677
3585,263
3788,1622
4028,557
2044,2052
4029,1934
2062,1438
200,3463
3581,3381
1232,3786
1918,2309
134,2085
4335,4890
4967,2606
1968,4415
2312,79
290,4305
4901,2807
3777,4848
240,3963
1234,1686
3706,1255
1849,3880
1985,3706
2556,2917
3590,4020
796,792
2554,2050
1216,1417
4250,4118
4691,740
677,2210
724,3634
470,4577
2067,4925
3873,257
3267,4283
1384,3716
1854,1892
4417,3080
2303,545
4497,1296
804,3294
3928,4507
4427,2755
1452,1819
3992,358
2021,2389
3606,4326
1238,2828
85,1340
499,4633
3830,2319
999,237
3582,3500
2599,3232
1359,3509
2542,2087
2314,2707
147,3823
1650,3782
3489,3432
301,4961
1865,4016
2989,3429
1027,2112
1412,1865
1432,2423
2891,3464
253,107
530,47
993,791
3174,4751
4032,1528
4774,1088
1780,3384
2512,4167
1666,3134
1774,2187
1775,1206
3122,2207
3622,3646
3605,2747
4920,3312
1263,1267
726,3852
3746,1391
997,2244
1809,4270
1373,3876
978,4087
1012,4354
2624,4296
4550,3183
984,950
1961,4740
932,579
4106,508
1426,4870
3824,197
2392,3058
940,3678
1279,4701
2842,2970
3886,1919
4847,4742
4886,2799
4495,1498
4134,2866
3134,3481
3582,1186
1400,529
3269,3350
308,3089
621,3598
2861,1846
3901,3094
4044,4122
3553,2673
678,1424
3914,2731
237,920
4880,3666
4458,945
4248,1380
1916,2942
3111,4889
4708,4558
173,2344
3969,1824
570,327
1774,4065
700,10
1526,4357
1103,2095
2245,4861
1782,4414
1371,2195
2881,860
3676,313
2206,161
1107,4280
2665,2726
2873,4468
3348,4474
2414,1920
4624,3685
4866,4316
4875,1010
4982,3066
162,4006
2126,3092
3551,4609
2619,4661
1108,2676
1136,2838
4937,2232
4360,3585
977,3641
3031,4618
1473,2134
2467,2468
3607,4536
3071,963
3351,3058
3215,4167
4148,3675
952,1210
248,295
3850,1924
2569,1506
4289,1314
1248,667
963,127
1851,2579
901,1323
1529,2740
1638,3967
2617,1285
2140,4306
757,72
239,2099
2604,644
1145,1597
127,4760
1906,4713
346,2786
2928,4609
1633,160
1893,312
4737,450
4973,4885
3556,4563
4484,3855
3368,667
185,1936
3719,4359
1675,3348
2162,3477
2688,4753
514,2703
2550,3869
2832,4831
1954,365
3572,1872
3105,3677
1524,4497
1478,834
2384,1500
2874,2607
709,2991
4699,594
3661,3649
2244,2516
565,2833
2722,1872
2454,97
1097,3913
1143,4590
1356,1808
1674,4503
2707,3446
263,3794
3897,3524
3321,3106
200,3527
4084,241
390,847
3725,3625
656,2265
1389,2052
3820,1695
2612,4012
2245,859
2887,2407
2300,4047
4871,4928
2943,4975
2069,3872
4605,1416
2348,2525
117,3722
4518,744
4695,2786
2906,4622
763,2078
4549,2667
3781,545
174,3516
3733,180
4275,3289
3036,1016
467,2528
4223,1913
835,1810
2006,1725
300,985
809,1518
3854,4428
2364,2249
2522,3140
2853,2222
4241,3633
1945,3132
1613,3708
4697,156
3501,2874
3984,4181
471,4763
3800,1854
1419,4979
4415,1987
1715,1739
1631,659
4691,2320
507,762
685,4910
4706,4117
758,1232
4319,191
1547,3282
941,4832
1059,4803
4969,4841
2419,3918
2737,1030
1942,638
3437,3874
3873,2662
162,3411
617,3718
1956,1860
1334,4172
4386,745
848,3505
434,3885
2898,3262
3013,33
3688,3864
4023,2854
1519,3475
3401,3671
4865,596
2341,4292
40,4915
3432,3409
2260,3525
3936,4389
4288,1657
1835,2974
3106,4573
4212,698
2132,1051
3180,4874
4773,1855
1988,4142
4664,773
609,287
79,3887
1951,4169
1351,4814
4375,3016
2123,4370
2933,513
4750,604
364,2550
293,4981
4770,3594
1958,2731
3780,1171
1574,440
524,840
4580,1818
372,4320
335,3722
4791,3099
3214,4058
1139,3655
3438,2136
4792,2090
3245,2542
4514,4257
4423,3021
3032,930
4519,356
381,2841
1532,3893
3719,267
571,3367
3544,1088
1573,2905
2747,1429
2418,947
4040,2141
2020,1051
1451,476
332,2627
2954,1954
1913,912
2993,3454
2971,180
1328,3014
2530,155
4865,2913
293,1377
88,1853
2646,2528
1664,4203
3049,2396
513,3418
1599,3153
895,1205
4433,745
4148,3544
1288,2507
3702,580
3148,4516
3648,617
3855,4672
1770,858
1722,3928
4428,3736
1062,224
1657,1809
1990,2651
1352,3182
2670,656
4880,392
3308,3246
2375,2274
533,4741
2095,715
3653,2568
4341,573
1994,3618
4338,4192
3386,742
2642,2949
4304,2319
2986,779
2750,2547
1804,4127
2750,891
3752,3728
357,2987
78,4770
2370,456
1531,1282
1214,1780
3867,4825
1023,2112
200,2600
3219,3399
4798,90
4785,4348
1680,3485
1867,3307
2386,4615
3050,4270
4238,3133
151,1375
3975,4881
3204,2016
2118,2747
3145,3404
1443,2684
236,1990
3868,3483
3571,4
1921,409
3495,978
1464,2910
886,3757
1157,3386
3179,4824
227,21
2367,1985
2561,2513
664,4031
4692,532
2282,1154
4189,458
1067,2879
3819,3860
435,1877
4732,404
3925,1308
3291,516
737,4681
4587,1791
4008,2445
3740,4816
897,329
4610,2469
4848,88
2073,179
4487,778
1374,420
3202,4453
2128,2560
3764,2576
3053,2712
4378,431
355,522
356,4298
3046,381
3875,626
3844,299
1155,1742
855,4567
1580,1573
1747,1446
4029,4557
736,3033
95,1656
298,2650
244,4291
3677,1837
1274,667
2719,1578
1123,2899
3945,4371
4104,2703
2461,2014
3450,4417
210,4874
953,2806
4787,3433
3220,853
4497,3466
4242,291
4349,3774
4658,3625
2778,2737
2017,1484
2116,2812
4109,2550
1369,1148
2312,2200
4881,4637
754,2317
2655,3817
329,1539
3304,539
439,3534
3743,2582
4669,3848
2695,1334
1137,2236
1357,2647
2324,2608
1415,3081
955,4748
3103,2852
4074,3919
58,4671
4391,4329
71,1398
1828,3884
464,4762
2044,884
4314,4536
1527,2725
4958,4213
1290,4633
3660,3885
3403,2988
1016,3383
1036,4437
3297,1886
4928,1501
3342,2737
1711,4310
1357,1116
2623,2892
3593,2403
3005,3131
3660,712
3692,3528
2544,1957
2031,3441
4006,3127
2637,2012
231,1453
4767,1531
3613,3121
570,1611
1410,2060
3654,3702
1585,1617
430,4293
1272,3376
4302,354
1978,696
593,3882
1135,89
1065,1815
956,3073
553,2292
2078,4048
2063,3603
2478,4522
2512,3697
878,576
1335,701
2328,1945
3776,4985
4761,4668
2194,1673
4983,1867
4295,993
3517,2950
1729,806
3959,1098
2967,895
440,125
1091,3482
3325,787
1877,2503
1341,3869
307,1347
1007,2518
3505,2087
346,1559
2034,4247
2889,1411
1863,279
2389,4508
4766,2367
417,486
863,4623
3690,600
4849,4232
3375,3712
4,4942
1918,2674
3472,3241
1611,289
167,1782
4497,4387
77,2442
4691,27
2982,2124
1984,4604
4105,1042
676,2460
712,3250
4332,4830
352,3654
3293,2678
4133,549
1710,3629
1869,3409
69,1429
3352,1855
3130,2844
2468,1230
3145,4488
260,886
52,3063
1934,1130
857,3384
471,201
1701,3325
4543,2845
4906,4091
2538,3553
1928,2041
2337,2609
1061,2379
1266,670
3856,1262
984,2422
2951,794
4910,3762
3196,969
4203,158
1821,4390
2686,1812
4909,3776
1786,3174
1355,3227
3577,3612
4494,636
4081,3589
1924,3874
3663,1676
1762,3653
4761,4216
4083,4561
3577,3278
2050,1507
2781,1637
3178,1761
3181,4534
4354,257
4430,2656
2985,437
4263,2329
2795,4541
4844,2134
571,3686
684,4355
2107,4791
3995,681
299,1945
4524,2636
1376,1490
2633,4548
4484,1912
3288,100
4443,3177
1303,1880
46,4179
1401,2323
4078,2894
1161,147
4727,3247
3542,4625
138,1566
4563,610
2810,952
423,488
1464,4260
3925,2328
2392,3827
3080,982
4551,2685
1147,4629
4832,4347
4075,548
2143,677
2303,4715
93,2909
802,1309
1258,2731
3556,319
1407,3217
3538,683
4792,2056
242,201
1096,4675
1683,1090
1810,4626
1865,450
4068,682
3490,1362
2066,4277
3094,3995
2309,1830
522,3861
445,4406
3959,3899
4900,1994
1221,831
3075,63
417,4204
1222,2149
3545,1894
816,4621
2237,2338
4227,4425
4878,2562
4039,4954
944,4661
79,50
2242,95
4821,1129
2236,1460
3614,3919
4882,1218
1902,4796
4578,689
4094,2538
1125,3054
133,1812
1943,4818
1532,3670
2317,2189
2757,2817
2458,3789
4655,81
3582,1000
3583,164
4689,2136
356,1794
837,245
80,100
1967,1546
2798,918
2342,2982
1025,3884
2332,3515
3378,1450
2827,4908
757,2154
4619,1790
1705,68
3372,4939
4051,2041
1336,761
4451,3209
3502,2388
3866,3814
3427,3971
1506,4193
976,4362
2427,3883
4976,4020
3337,2354
1634,1188
4424,169
2974,272
898,3338
3725,1455
2706,1169
1284,1990
422,3739
1789,4302
4287,1987
4697,2536
480,2135
2606,526
330,4237
2405,761
236,1349
1170,4992
2203,3943
4760,3006
1030,4787
3677,1237
4385,3831
2867,3075
849,3424
4121,3892
4058,749
2504,4430
2658,262
1309,3562
2086,652
1202,1833
2240,3008
1445,3814
4795,4794
1412,1241
2257,1072
2069,1816
506,3602
572,992
3350,326
1883,1791
4184,1968
3268,817
1960,493
2503,2821
1673,659
3283,4493
2253,3829
1771,2996
2693,2736
4960,3320
468,691
2601,30
4168,1371
1367,1656
4469,4432
3852,247
445,3379
4551,2325
3987,462
3878,877
3304,1986
2595,2193
1312,4984
754,2045
1683,760
1416,2116
2883,4710
234,362
2478,4235
1404,1098
2608,4443
2262,3183
3326,4006
1325,2416
529,3614
631,1034
4896,3433
4740,1415
3552,718
4131,2085
4134,899
192,2191
2462,2847
2500,123
199,627
4289,306
3090,2483
2166,2739
1998,786
2535,4090
3377,3277
755,4735
873,1140
4539,4943
324,1735
4575,3413
927,4841
3914,2820
371,2427
741,2098
4800,3304
4654,1226
492,1502
390,1874
3315,4453
4301,3415
1875,2461
910,953
2702,723
1898,2561
116,1090
4454,3531
4118,179
1603,1367
4996,3129
2207,217
1695,608
4076,4561
1292,581
45,4838
2763,4162
3889,1496
3180,3113
4875,4533
4563,2939
1228,2311
1281,2011
3359,4609
1996,3445
431,110
4834,3359
4113,3167
941,2913
2811,2974
901,4539
4919,3975
755,2866
4994,2844
3989,1815
3694,9
2343,3880
1710,1805
3632,695
438,1621
1083,1587
4683,1339
4697,539
1060,4951
3635,4813
1523,1835
689,170
1632,2131
361,797
2445,3191
4288,3625
1698,3203
2329,4694
1521,3265
547,4474
4666,2598
670,1764
4670,118
3082,3956
1129,4213
2695,2264
215,2194
3475,1404
319,3800
1219,1022
1937,534
3442,142
3501,1771
1789,4137
156,1976
3719,1049
2985,2375
4087,274
555,596
4039,4551
678,1974
4014,2445
1285,2662
229,4358
3221,3230
454,3865
537,2587
2930,4105
4220,3282
354,3817
3516,2951
1926,4678
1596,1356
1511,1726
3830,1976
2589,1625
732,3434
4060,4318
2873,843
3467,4898
2538,1299
2797,712
3986,1613
596,2617
1778,2766
1822,904
4016,2088
4562,4738
2276,4328
2701,4256
1058,1423
4765,3175
3368,4152
3571,4927
4738,3630
1086,250
4531,4598
1291,4331
446,4541
2179,3485
4050,889
1553,3036
701,2238
3552,4323
4695,2042
1332,1468
1740,3391
2842,128
1021,4968
2197,4382
2592,3294
1119,4041
4546,1527
2147,509
4162,3793
3143,4812
4588,1586
3252,2574
3767,3960
2567,3219
1968,299
1165,1100
1915,1369
1361,970
3662,2730
401,366
3150,2690
4785,1258
4993,4845
4820,2679
309,2257
4533,3411
2363,1090
1742,1063
1386,1869
2743,1263
4444,3081
3361,2529
2309,1677
2939,4854
1743,387
767,2011
3840,4018
1032,1114
189,1480
3032,2122
1705,4433
2964,2667
3742,4862
3404,1053
4639,4000
4559,2328
3710,1674
3947,866
4336,3431
3876,3685
115,2821
3044,3807
2888,779
4765,3271
4381,3618
774,1901
353,3938
1821,3312
728,490
893,943
874,814
1427,3510
3350,3291
2694,1376
4870,377
4515,438
4807,1597
856,4902
780,1874
2368,2350
4459,2757
2536,2464
4570,3769
4232,1014
2876,968
1364,2574
752,4912
4079,2775
66,456
3191,2692
1799,2141
2197,356
2570,4856
3541,225
45,1943
1432,1041
1419,3897
2748,1131
4980,2853
3729,4065
1419,1485
4962,1093
1611,967
3394,107
4623,3152
2299,683
3831,4310
4794,2984
828,372
2047,4005
4407,3724
399,1379
4958,1434
2673,1252
344,1761
3124,4572
4308,1154
927,983
2001,2458
172,1981
4705,3951
2293,2143
465,3097
2277,3944
411,2125
3992,4620
2906,3144
271,183
2537,1341
4982,3433
2751,1667
3920,2453
4198,3550
1926,3299
1596,4524
1180,3001
3792,3848
4820,1956
943,4994
1300,1168
1322,1898
4013,1043
4249,2293
1400,670
1420,363
4319,729
3224,3685
4877,3252
586,924
508,3978
3089,1464
4572,1412
4766,899
4434,1331
3206,2099
2111,350
3567,1419
21,4666
3906,3319
1025,573
3056,2552
4108,4695
4290,2354
642,3165
4374,4592
2385,502
4402,2100
4380,3580
2224,2783
1434,1779
1162,4332
3918,602
4819,1127
1419,1336
4917,4658
3485,1312
403,4228
4472,4148
3872,2364
1149,4982
4342,1568
3175,633
4142,456
2814,3631
2300,374
334,1633
3520,2064
1268,108
617,2416
2714,4802
2246,941
1760,3872
3777,924
4970,3240
2067,2480
1418,4247
2002,2723
2535,3897
2361,2508
3022,4344
3078,2478
3318,668
3157,3876
294,4353
4990,2697
1427,3527
4093,866
4106,905
2517,3379
776,4296
1613,2633
949,625
1261,386
4410,4127
4609,989
95,2618
4350,1358
2430,1528
956,3774
505,1114
3315,2339
159,2846
1985,254
466,2850
4853,632
69,1090
2603,324
4486,3023
4296,2904
411,2582
1753,1322
1579,1005
4122,4899
1577,638
2166,4233
344,2793
4395,3428
2194,3090
2756,3240
2416,2791
4259,3134
4946,2798
1280,1546
1066,4151
1769,4426
3307,2520
1550,1234
1726,2596
3281,3945
3461,1191
889,2711
1498,1385
2798,2310
3646,360
1912,1777
4545,113
553,4396
414,2706
3953,2729
3401,743
112,3443
79,1868
3493,1925
1633,1309
4852,618
2358,1613
4179,1232
2616,754
970,4103
4313,3144
3368,4553
1081,3877
2108,372
4431,4175
188,1995
3547,2556
606,4538
3813,1396
1526,4866
113,3586
253,436
3454,2790
3638,3959
4625,1463
293,1390
3861,4638
800,2054
4313,1193
3965,3287
1277,509
4133,4936
599,1647
436,4870
2347,529
1448,1925
1943,1178
3272,3226
794,1188
1668,983
4413,4234
3325,2755
1861,494
4318,11
843,1630
3185,2110
3639,139
3617,2183
4565,2072
2239,1547
3917,2981
1073,2448
4649,621
2559,4304
1033,1841
4543,4502
1456,576
4244,3005
1601,2567
43,395
3453,1380
1627,3058
721,3310
2578,1329
1155,582
4650,978
2371,3076
4526,616
783,1311
3922,1266
3761,2797
587,4743
1530,4937
1955,3446
1701,604
2214,3018
1422,2515
3518,525
4340,1100
3919,2084
2046,4866
709,1398
3996,2429
3195,1361
992,255
935,4580
1512,344
4931,2982
4977,2618
4715,1123
2654,174
2392,880
3073,4001
2689,3793
1858,2893
4237,217
2429,225
3751,4818
351,4949
3005,4933
1347,3557
4752,3011
4044,1460
4724,2165
4631,1961
1459,1491
3179,1101
4385,4499
939,2656
2485,3679
2420,3180
165,3612
2047,4812
1263,1327
1249,2179
1169,332
2101,1545
44,1698
3142,2838
2611,1147
1894,1985
3329,4131
4037,915
285,2851
1444,1117
397,1977
1654,4654
2130,4608
4658,4227
1796,4763
4513,4625
2536,2135
3276,4404
3411,1144
1473,4645
899,2061
2436,3119
2033,3105
3271,3481
4991,4280
3913,4333
2731,3239
2807,2138
3556,3901
386,4330
4455,1508
4156,2810
4189,3482
1924,1370
2770,21
200,2884
1799,3585
2081,3084
1744,3869
4812,1925
684,2510
1846,4733
1667,4339
2359,1690
91,2562
3589,1191
1217,107
275,3558
4561,4847
1594,2291
1022,3980
1561,2095
1634,3028
3154,4168
2762,4676
4462,1266
4264,4383
1981,1460
1588,631
3787,3607
1371,4003
2639,4002
45,663
1679,3445
23,2299
14,3903
893,2454
1914,354
3035,2390
4522,4809
1970,2870
843,1208
2297,1837
3777,3993
4240,348
2791,253
571,653
368,742
1913,4648
1831,4024
2386,1825
2766,1501
1844,4054
4402,2068
2239,933
3954,189
2907,4929
2558,2497
2408,2535
1050,4574
598,620
2624,1812
4749,495
57,299
4529,774
127,3680
2774,1475
825,2940
1516,4883
3698,3036
646,2544
3787,1049
447,533
3160,3554
3921,4551
4639,3375
2331,2613
2231,600
2052,2672
1804,2805
3527,4503
3004,885
3084,368
198,2936
1292,3101
3585,1990
4799,2383
978,3274
4778,2820
1478,1725
3913,811
930,3156
1449,4182
233,883
686,4804
914,2961
2874,3860
815,3826
3847,2018
1450,4479
288,3685
2895,1787
646,3450
177,2958
465,275
946,1139
3497,2690
4402,1642
762,3115
561,3220
783,4260
4449,1730
676,1538
4637,4962
3767,4781
941,1738
3315,1834
1457,2694
3038,3069
1447,3350
4805,1079
590,112
2797,4777
2808,2707
4868,3641
3637,3581
863,3250
2748,853
1148,411
239,3037
359,1633
2420,69
1575,864
970,1590
795,2255
653,582
4650,1473
4364,3654
2250,1392
1772,676
2838,4621
1067,3405
3286,3896
2591,794
2665,195
2648,1365
1000,1814
1528,1980
936,4714
4847,4120
4030,1939
3399,4543
71,2713
464,4600
4977,2176
4132,3667
3778,1416
2423,647
1231,2508
1121,1961
3440,36
3455,4647
330,883
2235,2728
2684,3648
1279,2873
1133,123
980,4918
2166,3294
4054,740
3167,3389
3874,1768
1547,2848
2996,2002
3782,3744
2885,4566
2661,1263
4192,2798
1033,3495
3768,4341
3184,4988
4578,701
4039,4961
293,3992
2045,89
269,2929
4300,207
2669,703
1748,1730
4093,4074
749,2658
2953,4300
1060,2812
4437,3659
1182,266
4268,2339
84,2294
4054,2366
1625,3636
4400,2598
306,1778
113,3313
4095,1875
1392,4511
3621,3790
1965,3512
4317,463
3575,1622
138,1626
1653,4279
3,2509
2964,2928
974,208
4009,2711
247,2401
3821,3962
4665,2020
2999,2150
121,3243
2670,1465
3449,317
3059,4047
1376,4481
4156,4698
450,4797
4697,4211
739,2944
229,2471
1609,3363
488,553
3047,2374
1928,1311
4352,2602
543,4874
4585,1217
355,4211
659,2189
3464,721
1222,97
3282,835
2122,318
4025,4367
4151,1118
3083,895
3282,4414
312,1397
3278,2295
3140,2997
2316,3469
414,3404
2480,489
4942,812
4640,3348
2135,1430
473,4270
1995,4728
85,1148
2321,2692
848,29
2322,3158
3872,1149
3439,598
1359,3205
4387,2921
1643,2658
3180,2128
4503,2804
3551,1016
4467,4651
4207,4118
4130,3573
2063,3896
908,602
4077,3322
1358,1439
3890,3269
814,3538
2696,4067
2733,2914
4706,2899
3669,3232
181,1566
2805,4082
396,1419
3572,256
1030,1824
2180,996
4714,2056
1663,1853
2856,725
1192,3934
2653,4174
3594,2565
1616,2735
2051,4509
554,1015
2547,1220
3271,211
1651,1303
4800,4644
992,2796
4073,3933
1468,665
4023,3929
1306,1533
2815,4824
3266,4401
1728,2436
1029,4232
3406,2541
693,811
2827,49
4959,4420
1417,2123
3121,2913
375,701
168,2173
326,3852
2375,2009
3135,4737
2536,1451
3522,4296
2270,2907
4699,1757
1911,3161
2725,4268
2754,4750
1093,1964
990,3123
4098,957
1537,567
1732,1365
1118,4914
903,1932
4852,1140
755,2685
2283,4357
2184,3893
3268,3742
4263,1625
3289,248
1187,3180
2116,2915
1899,4146
264,3744
1421,3219
1295,3284
1435,3510
256,4468
4418,1989
3076,1064
954,3219
3748,2428
4765,1645
1601,3808
717,2548
3958,873
63,4752
1201,2478
2979,3330
2198,3457
2283,2048
3041,115
1864,1867
2404,829
4542,3051
4603,1711
2609,3251
1645,4778
2282,1708
1172,3510
3391,2706
2128,645
2878,2193
532,1501
1516,2436
396,4445
396,3346
4908,3594
2752,1458
3797,2249
3038,401
3955,1733
3360,302
1341,4728
1072,1611
1895,3443
3780,3414
1604,4321
2538,1308
1322,3096
3328,1902
3631,1870
4344,1780
2781,364
3446,3951
4926,131
4005,3912
1704,253
3747,1445
4911,2735
1252,925
1870,4917
3608,3812
4268,2910
1217,4743
3723,2661
2817,3122
260,175
3968,3103
2817,3912
2017,4593
4783,3992
4011,3519
2047,916
667,3796
1947,700
2377,1016
4590,4103
294,3749
2948,1223
1566,1463
4622,947
4176,2718
2288,3723
1025,3977
3085,1887
2216,4415
307,3873
4902,4286
1248,3393
3566,4325
3131,678
95,1891
3880,3836
2013,18
4404,489
2701,4470
1955,4810
1114,3543
4925,1961
2350,2629
4097,3233
4303,1892
1471,1094
163,4851
2465,317
2254,4620
3458,1245
225,2146
2248,105
362,3368
3294,2943
687,252
2160,39
3664,2614
3483,2947
725,1997
1371,2473
2615,3587
3212,4168
3279,239
1526,4086
2553,4535
3052,1573
531,3862
1948,2008
1141,2765
3906,3070
1708,386
3293,1662
1100,2332
3625,2907
2519,2243
2047,1296
3606,3976
2623,1435
4587,1195
1142,4736
3956,2266
1378,1780
2733,1074
4357,1138
2157,789
1327,1294
3417,372
3575,1892
3109,4430
3959,4916
1437,2293
2212,4386
2964,2406
1262,1329
2183,1317
2382,1601
238,3668
3622,4551
3871,250
103,4485
1688,2820
295,2198
502,2533
43,1182
2808,183
1182,830
3460,3527
2831,1575
4955,4346
4704,4877
2001,1580
858,2653
2614,1753
4318,1055
3663,1652
782,3560
1587,3955
1840,4182
2554,2108
2120,2538
2209,391
927,3738
2035,342
4800,1397
3694,1538
1984,3517
105,4428
2721,686
2971,3768
3633,992
2783,982
2432,2182
119,127
2977,4123
563,3822
586,4225
3773,3944
181,1770
4150,2277
4294,4639
1328,3247
2116,2140
3472,4316
41,2993
4448,2682
3257,1931
4339,1441
2067,3452
1791,2734
1304,3844
2754,4763
657,2761
653,4160
3602,2458
3238,4016
4435,1638
3787,2033
3190,2670
4487,1051
2342,2581
4593,3666
4558,4983
2342,1772
4534,2595
1324,224
1963,380
4121,2019
2882,1556
3949,4490
2568,4118
1990,2999
2399,741
4937,3644
2736,2868
2809,3031
1512,4225
1386,667
3209,3166
3215,1196
1190,2153
2070,4190
118,411
3853,841
4526,769
2901,2229
1530,4180
4460,538
2667,3065
206,1536
3474,1975
2968,2353
4085,3028
936,1059
427,2012
366,919
4456,374
3887,256
905,2080
135,1397
1180,1452
4442,4910
2550,4168
3321,4511
2689,372
3871,4907
4322,1849
679,1932
4805,2123
3389,4377
1805,3181
146,465
1328,2701
783,284
1020,2081
481,4808
4654,3298
1339,2838
3865,2716
1469,4962
3308,3878
2475,2663
2995,2082
4050,67
4403,1464
4965,109
2411,2144
4226,4363
4494,4465
1965,1963
2784,1336
2607,3915
390,1466
1321,2976
4844,422
523,4435
1245,2931
399,3380
609,843
763,1715
1797,1017
3919,866
7,1779
3726,4798
4522,3310
3806,539
296,4870
3223,3653
3467,4909
3550,2130
1900,3278
1335,3486
1725,4779
4814,1458
4149,2483
1467,3345
1346,2169
3650,4687
2976,3222
334,2450
162,1915
3863,4064
3174,1091
1345,4975
252,2532
217,1827
3369,2988
3568,4343
945,1438
875,3793
2895,1626
4216,4145
4202,3620
4435,994
439,325
4533,1674
1394,4636
681,4644
2036,1327
595,717
2570,2896
3679,2854
2277,137
4142,2410
1626,1002
4995,2121
922,3559
4816,4433
2831,2206
1055,1834
2617,1022
718,3684
3759,1627
3239,1156
259,2116
3433,199
4824,1041
187,1097
4909,3952
4558,2249
2728,1906
3531,4639
4100,693
3969,738
1748,3417
4031,3511
1695,423
3926,4274
3612,3031
1391,2388
2947,3357
4723,4856
3417,1664
1386,3306
891,824
1615,202
1335,1700
816,1622
2179,2143
4937,2188
1144,4833
1568,3027
382,2767
4090,2414
4925,3938
4183,3404
2303,1603
4652,3604
2678,2141
1782,1049
503,2757
2326,4400
669,597
952,4399
578,4477
898,2729
94,1695
4489,4888
4523,2036
988,3084
1796,3882
90,2152
4438,2805
3310,3697
1717,3756
443,1292
1643,3586
3510,4138
1074,990
4809,3301
2385,3865
1405,3999
2263,4356
23,3312
3700,4343
3169,1198
2213,305
3654,5
1850,3981
4805,3193
4466,2456
1668,4088
1201,3913
4851,1665
4197,2883
4231,1502
158,1235
3674,4549
1120,2452
2234,3080
255,3306
2065,3639
618,4246
2294,2820
2144,4433
1044,2786
748,2216
3879,585
3460,3627
1327,4106
3477,1673
1095,3683
4414,2454
2493,407
1126,1073
4073,874
993,567
3663,2259
2237,1233
2592,2806
2105,2804
2960,1946
3957,1184
1220,4077
1336,201
1991,4330
374,3788
2947,2929
36,2606
4922,2779
2053,3771
3708,3090
3475,2699
740,1682
4153,306
159,3001
4167,1333
2026,4513
3085,713
3612,2168
631,658
4034,2718
2864,2195
4674,344
4823,4474
449,645
3605,2843
3781,3948
1100,487
4692,27
111,4260
2432,1734
3334,4326
1244,1800
1368,1450
4696,2394
4303,4022
1711,2552
2052,2306
3708,1086
2785,4905
1673,2275
3245,692
1141,3817
501,4143
4352,2107
4912,4394
607,741
2200,4356
259,345
2281,2929
4084,3595
3666,2063
1719,885
3088,4509
3730,479
4188,1842
652,2694
4674,3322
2255,603
3623,526
4189,3871
4948,4412
2165,1568
1417,1354
3835,229
2590,586
4221,2900
4799,3450
1333,2155
1367,3488
1419,1572
1967,1781
4177,1627
4215,103
592,2473
1566,2332
92,1095
468,3224
4987,2081
4407,614
204,13
1030,2911
2156,509
3279,2329
4701,939
4383,4669
4326,4794
844,2956
966,4005
2221,1110
3436,3127
1607,2518
1763,4695
429,2101
3469,1526
1591,4892
2890,1600
629,2330
1222,4579
2828,3939
3627,4857
540,4718
1915,4518
2872,4360
1716,3582
4995,1821
1498,4061
4259,2970
4873,3384
2159,4309
2223,3688
1494,1652
1444,4165
3236,2669
600,4661
3255,1877
1000,4826
100,1720
2589,170
1248,2975
3268,1795
2845,3671
3087,2379
2025,953
2310,804
424,993
41,4453
684,1225
4127,829
809,4640
1626,3952
2456,4962
2606,3618
3467,860
1433,2637
911,3183
1259,1251
3011,2653
4865,551
404,1787
563,4403
4869,2150
422,674
1428,392
3259,3815
3635,433
2573,3078
3239,981
3268,1163
4290,2732
1156,2727
4834,2103
1171,1675
489,2999
112,1541
940,2337
3172,4682
4336,550
1041,179
4155,3547
2932,2837
139,2562
690,1091
4290,1802
1967,486
1633,545
3081,3608
1136,522
4098,3236
2003,1629
3604,1730
2011,3529
1921,3681
1347,1384
173,1921
2426,4478
963,2710
3900,3874
468,135
404,1320
2187,3509
716,1482
3089,4778
1535,2433
4131,4524
922,486
70,4496
4739,3881
1179,4277
410,824
497,2367
2240,1605
2873,848
4326,2662
4764,1020
1461,4428
2532,533
4550,2664
3146,2723
3247,2519
4493,2066
2049,1384
4501,2506
1814,46
4357,2968
1001,1677
1514,1555
2255,161
2808,3424
1510,4869
2308,3022
1045,3722
4542,4935
3448,1398
2404,3087
4061,491
1360,4276
1114,4950
2854,2162
3678,1855
1913,2315
3284,1695
171,4794
3940,4920
1616,624
132,960
2761,4752
1821,2304
807,2735
206,1509
749,1012
4052,3448
234,3663
769,3152
3501,2742
1684,3035
369,746
941,1898
4832,1670
229,3725
3125,1207
4260,1470
4114,619
455,2255
3265,3513
3132,4020
632,3125
1620,1069
795,2136
2792,1582
528,2613
1901,1953
1787,659
189,3026
3955,2087
4271,1270
3436,1895
1648,4314
4887,3807
3171,4413
3811,2848
1535,3745
3342,929
970,4639
4329,1773
4243,1152
3236,2417
891,2273
4250,3221
1489,4616
4536,1219
4842,310
1478,1077
1429,4023
2368,2418
2778,4277
4846,4566
2743,3421
1945,3201
3641,312
2594,684
1913,4437
1404,140
1656,1440
2299,3362
466,3424
3124,217
1449,805
3116,2561
1911,2007
712,4637
3216,4417
2862,2654
1807,277
452,1025
4161,2901
1447,4738
2501,2670
933,2040
131,2548
2565,1540
4448,4234
3667,3608
1396,4673
3825,2637
1036,3415
1231,4839
3666,2112
619,1658
2071,3817
4136,2095
1374,758
1714,3927
121,812
2623,1858
1757,2358
496,173
174,1511
3733,1543
4710,302
3773,1490
1127,225
2343,1263
1893,1914
2563,1815
4752,752
4916,4862
4380,4664
4153,28
3455,3070
4619,2328
649,1541
4507,467
2558,703
4464,2637
1720,2042
4338,1202
4631,4181
60,4741
844,253
1351,4999
2458,3736
133,2375
2853,3220
1796,217
4829,2352
1980,1268
1918,2543
945,1727
2886,1714
3357,4918
4610,2765
4375,1860
2865,1336
1401,1563
3776,4257
1077,4970
2503,2548
3098,422
210,1847
4061,2317
2934,2440
3914,62
2712,3956
2509,3305
701,4210
3025,2960
19,4437
2710,1310
4825,4020
3597,2923
3659,3580
3534,2311
4741,4481
524,2572
2551,2822
397,1689
4311,1946
4594,2625
4365,1156
3570,1146
2202,3999
1685,1948
563,4394
4689,4166
4754,4403
3214,931
517,1335
3748,3540
4892,2726
4803,3800
3462,3178
1132,1087
1150,467
592,2185
887,4741
2746,2877
3731,4887
3437,4355
178,2303
2503,749
4793,4477
3581,877
2095,1223
4234,1600
2419,862
3214,4918
2433,1820
1456,2596
4989,2498
3551,3963
1280,4836
2038,3186
2866,693
1062,2890
728,4883
2581,4858
4480,1552
4813,237
1908,3829
1116,2787
1258,2537
183,834
2612,271
1422,2166
3020,4898
2617,546
33,4205
1479,2050
570,2570
1677,3977
1625,4893
62,3871
2462,1588
593,3091
4942,103
1915,2388
2070,2844
4822,994
598,4120
3323,1674
1904,2109
169,3071
449,903
141,216
145,1954
4384,746
628,2536
1231,4594
4829,3041
2249,3941
1064,1393
786,4273
1535,1459
852,2507
3131,673
4135,1500
3036,3498
4036,1507
4588,3814
2982,589
4908,480
1414,3072
3574,3221
2707,1816
4187,2691
3438,3636
747,4698
3880,248
1922,1092
1623,4984
4726,4699
1128,1656
4114,255
3106,2130
2676,1782
3870,293
444,2307
1252,2001
565,1699
1518,3075
2616,1911
1614,836
2254,2818
2782,1801
4540,3216
2309,3048
2889,202
3723,3678
2966,1696
3314,4566
2144,3902
2909,1778
4159,1175
2816,54
907,4460
1211,3604
2259,1597
1674,2288
976,2916
3738,855
1340,3117
4933,1979
4301,3537
627,3327
3834,705
1909,3598
374,2918
1362,35
4480,3965
508,4166
3033,746
836,4841
678,1809
4619,2032
3973,1686
4696,4831
2329,4925
4387,1279
658,2435
3058,3855
4235,663
1404,2009
3018,4919
3106,1721
3253,1172
2064,633
2914,4652
4006,2825
3957,3590
1736,1586
1472,2986
567,1860
1153,1333
4985,2085
3542,3716
4492,4290
4084,1677
273,3336
1287,3147
3763,3023
4231,1369
1015,811
2292,2724
2889,181
1984,3916
462,1357
2902,2924
2295,1098
4313,4607
294,3037
4187,4603
2587,4364
2899,4131
27,315
2407,3152
2604,732
2811,2913
4621,2101
3251,3421
1771,2466
529,3360
1739,4130
4773,2038
3218,4279
2435,4631
2804,4175
3293,2650
1425,1853
254,3788
4133,491
2236,946
1257,1683
4492,2722
167,2616
2951,4546
228,3865
2197,98
1269,4609
3812,3982
4740,3211
4095,166
577,648
4238,3703
3127,4860
627,572
2947,4429
348,4549
4237,1382
3061,3914
4362,1638
1023,3220
635,660
508,2887
1170,3712
1163,3105
3112,4895
2904,3604
2882,1085
4024,3462
2458,2713
4037,2124
4016,609
2725,1674
801,258
1616,1261
1081,3238
1694,1091
1828,2497
2198,754
870,3243
4569,2701
1947,4878
1472,1388
3297,135
1112,1019
3922,146
302,3367
2951,1553
84,2235
1060,3751
2066,4127
3722,344
2292,1365
3887,4208
3652,428
3736,3546
1241,3119
1328,1655
1452,2418
4209,1814
847,1376
904,4897
2673,869
512,3515
4636,2194
3956,1481
4304,3770
43,2518
3734,680
4280,4799
462,932
3139,2392
3161,4525
2355,1147
4351,2391
2930,4477
3156,187
3944,2344
4338,2077
1880,3628
434,3323
4612,1730
1815,3860
544,1475
1467,1602
2858,2641
2372,4953
1280,70
60,4142
976,1982
1732,1769
2810,1805
3409,733
3141,4487
1890,4717
4122,2010
1583,1050
1392,3381
1329,1990
801,4868
2610,2153
373,4458
879,1493
1332,3963
4928,1665
4954,1282
4046,4447
4910,3005
1477,4786
2396,905
2161,4238
849,996
861,1110
1106,4121
2923,2373
3044,2098
3355,4091
4981,2662
2861,3697
1553,1786
4402,2817
2006,497
475,1476
943,509
97,1717
4936,391
3225,2308
1746,38
743,60
1481,3654
3705,3161
3022,3500
382,3522
1096,508
1084,3363
4320,3195
4927,3436
1037,1812
2059,370
4256,950
2742,2259
4205,305
3840,668
1850,2011
1455,3401
1601,10
4799,3154
810,889
4924,873
170,1200
738,883
3760,3245
3659,573
3702,1793
316,60
1337,3750
4822,82
2920,1207
2049,1147
4158,2634
3979,1030
283,4265
3370,3026
1830,4367
2317,1701
634,3400
2739,451
214,1581
3994,4391
3240,4653
2574,2633
344,1384
3634,3513
3068,1363
1543,1642
4523,1820
4944,1101
2713,841
3419,130
3249,2371
2151,1942
3328,3107
4650,1135
1794,1152
2015,3607
520,4877
1261,3225
792,2357
2952,4448
3094,1241
619,4819
4829,4437
4564,2501
3742,4213
2586,1925
247,4932
4181,2209
3899,1004
2357,358
413,884
4437,2119
4036,812
1668,316
2193,41
3036,4251
3622,1884
120,3162
727,2141
3524,4454
1860,1346
2368,2308
20,818
317,4352
4665,1416
3307,2351
3041,2693
214,2332
2767,4975
4430,2386
273,3099
4403,4135
4546,3458
3213,2923
2495,4477
625,3017
4185,2637
1603,2649
1878,2355
1493,679
4082,3144
880,3614
289,2822
824,1608
1946,4581
4262,2319
4455,3678
3177,3174
3506,4963
814,2983
4353,1207
2695,1232
3804,4727
3797,1324
1254,4996
2592,4005
1992,4530
148,2753
1609,1128
59,2846
1447,4000
1755,455
1912,1196
2964,3035
2837,2716
151,3308
4528,4118
521,3857
3389,3765
2447,4037
231,2932
3632,3851
83,857
646,3545
3879,4049
3532,4554
3544,3726
933,1819
1445,4336
513,3666
175,820
2694,3036
4356,1294
3299,2670
4699,2645
2218,2686
2345,4888
315,1648
4426,4043
443,1390
2767,4701
813,2908
1622,1405
1666,3332
3240,4941
1129,3076
4944,1089
3492,2933
3345,595
618,3420
4824,3990
1267,1843
3794,62
794,4229
1352,846
1293,1748
4881,452
1047,4791
2737,2557
458,4439
1016,387
2674,1470
2617,3182
506,1796
3072,1316
1843,2050
2847,1473
3578,1377
882,4611
1009,1013
771,4925
3959,3833
3109,1978
212,512
2227,3242
4466,4397
4559,4279
2712,986
4115,3030
2477,3233
4004,3451
1529,583
3971,903
2866,3004
1080,840
184,597
2643,693
3688,121
1269,1385
356,1690
3704,4168
2629,4847
2136,3177
883,1929
436,4181
3149,4717
3232,4783
121,1772
301,4453
3652,2815
36,2736
4259,367
462,1092
1139,380
482,1443
1002,155
3710,3624
2977,1202
1601,1036
376,2790
4434,3666
2416,499
184,2446
374,2010
3170,4915
34,1572
806,4828
2227,1468
3290,3380
1376,3897
3464,4859
2374,2310
3924,3994
461,1691
1422,3233
873,2963
646,3551
1164,465
232,3237
824,1325
2286,2841
4407,4986
1902,1630
1033,1022
71,111
2286,4247
1202,3102
1059,1361
2995,3549
3984,241
212,4953
3205,435
1224,2938
3786,3556
725,3522
3268,4962
2937,313
4472,2392
120,337
4109,2778
345,3062
1527,226
2033,514
4954,1024
4452,3384
1486,4406
2058,4153
1908,4791
1937,1842
783,4511
2717,430
2270,4315
3520,3576
4855,2054
1247,2145
1996,4752
4697,2833
1788,3458
3034,2213
2806,1983
1068,3675
4573,1605
256,3708
4075,4367
3223,3891
4209,4079
576,2505
1437,2205
3433,3522
93,1876
492,1655
852,1688
4593,4662
623,2538
4267,4086
3275,3186
981,3889
3156,2752
3362,2777
3905,4311
1575,2750
4574,375
1571,930
1010,4392
3056,1652
2147,2917
4375,4673
1342,2651
326,2875
3679,2365
3252,2452
1797,3445
4511,3009
1429,4819
179,246
4394,395
4798,3603
3351,3157
3538,3597
1560,1282
4143,2541
3953,185
4151,4161
679,569
2707,3504
3875,2553
3461,18
86,3552
436,677
1655,4140
173,2734
4273,3867
744,2642
355,4717
392,2489
1052,2599
4459,4344
3791,4932
70,3595
3502,606
1700,2659
2847,3536
4415,4235
2417,2573
4193,729
4096,4485
2827,2918
862,3305
4410,1715
2861,1635
2057,552
3189,1550
3443,778
4681,4384
3875,1587
3128,1970
2622,3489
3409,4975
3272,3624
4756,311
1130,2020
30,4761
3324,4458
372,2836
4837,320
3534,1396
1153,830
4505,3335
3117,210
731,1472
4881,2352
2930,2775
1819,1176
4530,3652
1472,4837
1244,491
127,3539
2971,2970
1163,2866
4906,2052
4536,4087
3015,4904
3944,1605
4199,2063
712,3220
1277,4618
4943,2477
1166,4512
4865,4590
2512,4478
4477,4590
2278,795
1810,3844
2563,1484
776,4595
8,185
3169,1644
2855,3373
1499,1192
4933,2897
1770,747
3940,3932
960,4168
4031,74
2243,743
2225,4575
3862,1491
2720,4191
4114,1100
2463,2623
4967,1354
3320,3510
1840,734
2571,705
368,629
4701,1867
3647,279
152,718
2345,1067
1212,825
2575,395
2533,30
1167,1733
1451,1005
1526,2121
2549,1550
851,711
2649,1524
4646,4308
2136,965
3202,2508
2718,2242
4303,2628
264,3257
2620,547
4522,2035
1812,3300
2491,1160
1788,517
3452,3746
2587,1861
790,3758
1467,3180
416,1456
4906,4479
1481,2501
930,2213
27,613
3129,2129
3837,4035
2356,2656
1052,444
1786,3314
840,335
3808,3283
3935,4581
1384,3512
288,742
2608,4381
4599,190
4187,3893
4156,2248
715,4780
476,4066
951,1952
103,1484
4368,4835
1142,815
2347,173
1890,1469
2507,4759
4905,750
1718,3780
4324,1404
2674,4516
1406,872
2028,2323
3053,833
226,2402
3883,2475
551,3436
1097,2185
4022,517
2027,108
1477,111
3446,565
2588,4261
3861,1694
184,299
1617,4524
690,2748
434,3823
1083,3190
1498,3123
663,1119
3818,112
1013,3289
750,4702
1040,3260
4986,408
846,825
789,4887
997,2093
3983,3836
2376,4785
4078,1522
1762,1018
2692,2899
1752,662
3373,1941
165,4902
2637,3659
2338,4645
206,3927
4963,3595
383,3294
4535,4552
1955,28
4974,3142
2839,2892
2703,4379
2912,1970
2749,4537
2102,1751
1735,541
2096,4243
3576,1936
123,1550
4077,7
1476,4033
3645,270
494,2628
74,800
3588,4387
4516,697
925,1889
3319,629
2494,2271
1047,4484
3762,2309
3645,864
3928,748
2283,3883
1756,2663
1625,3402
3194,4770
4139,3231
4909,4199
1896,4641
1659,377
1295,3226
1936,1711
3866,584
1207,3338
2048,4165
2148,1089
4401,884
202,2846
99,4938
1248,1868
2364,131
2247,2474
4617,2736
1664,1971
4564,4715
4817,2986
2079,1026
4910,2730
4822,365
35,600
1594,2156
1198,2619
4680,1137
4491,3253
3905,565
3086,4083
1601,2086
673,862
2627,2025
1253,1729
4091,1624
1796,1679
4856,2753
3241,1973
1367,4957
4818,3281
2763,4940
3467,2505
1515,3414
1834,2746
2266,1071
1230,2744
893,204
1044,3593
211,2588
4846,4424
1699,4354
893,2906
1277,4281
3661,3418
3552,2264
4423,4248
4968,4131
3588,1621
2631,4789
3003,2887
83,1944
3181,1477
165,1655
1809,1508
2462,2745
2092,1806
4020,4642
1164,4685
80,2643
4617,4187
2126,317
4135,14
4806,3707
2196,660
4257,1838
1361,3187
922,512
3264,3152
2163,2758
2768,1711
1938,3478
4382,832
331,2615
2916,3858
110,3233
3163,3056
2220,3719
1610,1449
2938,4177
522,1001
2396,1215
2437,300
1706,3356
4736,2347
1775,3252
2327,3722
3260,4149
843,2763
4803,3430
4904,3780
3958,849
3189,2000
2731,3322
4116,384
3543,1776
4839,1115
1769,1479
4614,2326
72,1730
695,1645
760,3785
4432,4083
2752,2365
3441,3543
2028,1759
454,3578
1916,2349
1249,4461
1844,2774
2078,4854
943,4509
3799,1220
3822,3659
1725,1123
3274,2775
3769,4495
2297,1609
1846,3755
4785,1281
3446,1898
1997,3265
4795,2085
2970,1349
381,4259
2705,279
2514,4396
1147,583
1024,1384
923,1062
4474,1673
4756,4894
4005,3442
2655,4418
4287,2675
576,2615
2475,3023
4980,2131
2529,2207
2358,1480
4872,1266
584,3156
2713,2611
56,4816
4372,549
2943,3803
226,4641
3655,3057
450,2147
4154,2544
4040,823
4700,232
3819,1449
1635,425
942,1323
1371,1283
3863,2707
3,621
4582,4507
3083,4539
3335,1735
3917,4131
3038,4446
3412,1981
4952,2887
3908,2359
3913,702
2276,2191
4846,1171
4897,1526
997,1125
491,3692
3782,4610
1131,2854
788,778
676,101
4573,2714
4836,4935
2394,4361
1448,4049
1365,3058
791,1799
4893,3464
4305,1280
192,4281
4150,2138
1921,331
1012,2145
4608,4239
1128,1224
2056,13
1444,467
2129,944
737,2902
1440,673
4964,3166
1462,3000
4748,2670
4402,2272
4384,3803
1245,4666
2503,19
4609,3349
754,4289
2332,1323
1700,161
1027,2381
2393,462
1309,3629
4192,734
4752,4466
3517,3996
3794,2208
2160,2874
3524,765
2617,2781
2949,4937
2779,850
1154,1638
3426,1191
1791,604
4071,3834
3785,2332
2041,2852
1960,1024
130,376
3699,3137
1053,2746
4277,2909
220,3672
2544,2122
3622,2913
2075,791
2594,3994
4773,3615
4494,4897
2658,3381
4015,2013
1023,3027
2116,210
949,2859
1713,2671
3411,2127
4561,2865
2168,4850
2479,2682
1806,1597
1347,2274
4679,3222
1571,3861
4030,1277
2368,1779
3222,3875
399,1428
493,2671
4291,577
1323,2253
2584,2835
3418,2301
4103,3553
4302,4080
145,2119
4656,3711
2103,3966
3257,3465
2323,219
1086,1902
1029,2612
4866,3993
3119,2245
2102,3966
1485,3181
1499,2243
601,863
713,2019
4742,1674
4999,1362
2366,998
383,769
2482,4727
2568,1769
1496,3544
3679,4132
3472,4230
806,738
2023,2415
1763,4369
840,618
360,3729
1043,2408
2472,4884
3017,2924
1976,4039
2039,4072
3607,1643
35,3885
3259,194
18,1631
82,89
597,3059
1356,84
1500,3073
2255,147
4583,4852
4303,3485
2308,1154
7,3598
1867,1111
1406,309
565,2708
335,221
1136,4545
3436,4706
4894,4481
4745,477
990,4237
4597,3846
1444,3343
1615,4248
3076,868
4437,814
560,4618
1324,2783
4508,1507
1126,845
135,2023
1092,1822
4844,473
714,4904
1886,223
169,3687
4837,3265
4570,2623
1811,2414
4665,670
2094,1056
4061,1224
4633,4856
2793,1101
3920,2429
58,37
400,4318
1815,2365
662,2428
1527,3167
3362,1404
4066,3193
4038,518
4539,884
4019,4391
3251,3999
4073,4087
1651,3154
430,4468
1554,1882
3764,4084
3196,2731
2436,1593
2214,3286
4915,438
1246,2143
2628,3435
4258,3818
2773,3836
842,1902
1359,3571
4722,2708
539,288
1577,778
4929,1944
3407,1242
3755,2332
112,4248
4503,4736
348,3109
2419,293
4895,158
3423,3545
1919,143
901,309
4177,3797
688,2188
1248,2174
4322,4811
2766,4519
4357,3231
958,1912
2457,4422
3510,4427
2096,2673
4471,4392
846,2917
368,4232
3647,395
3378,4259
4789,665
705,1894
874,3629
2055,2391
1016,2637
93,3268
2092,2861
1967,398
4250,3320
707,4966
339,1825
3925,356
3508,1092
1649,2316
3051,140
4141,2479
4954,3501
1488,939
4635,2377
1937,445
4722,3131
158,693
147,2799
3507,4009
2272,3536
3320,919
670,4776
733,506
3402,4985
4149,2214
4536,2932
3872,1930
3824,3547
989,3976
2353,3755
4021,4627
2672,3098
4606,3798
4285,451
3448,2000
572,549
2552,1182
3958,4703
521,4380
1841,1040
1220,2582
4705,2991
3889,1634
1694,2381
1606,2697
1250,1143
4272,3583
1565,2426
2451,155
4334,2005
4633,3573
2047,2426
2899,2380
3028,3391
4002,4565
2188,3793
3903,2642
3502,1027
1712,1353
98,565
4831,2230
698,20
3884,3323
4356,631
4467,1953
665,964
200,1201
3574,2608
845,1118
111,4588
1356,4464
2066,1767
1373,3706
3360,2262
549,2063
4837,3121
3456,2747
3204,4293
1632,3904
4561,2815
634,4138
3495,3672
92,4182
3657,1997
2446,4241
3153,2415
1443,1455
3955,3795
3881,1551
2953,1583
2982,1671
151,4254
4059,3246
1772,2595
2926,1952
122,928
4965,3766
2776,133
1004,3980
4625,3076
2706,1462
961,2052
4223,4333
4830,4396
385,1572
3423,2341
2156,1364
1859,3190
807,2256
2435,1536
1296,4852
2953,4598
1505,3040
8,3330
3773,3461
2984,4672
3762,1546
316,103
2603,2690
1364,2036
1264,4931
4794,1646
3431,4253
975,4762
488,1189
3098,3599
2500,4919
2011,286
4765,3249
1881,2694
3871,1162
4031,3236
1439,3269
4117,4914
3548,4164
3348,4845
775,512
528,2817
1978,945
1694,4878
1229,2281
507,3817
4135,1332
3216,127
3316,1066
1422,1271
1314,3649
4660,86
1246,4733
4724,1870
4883,3438
513,437
3397,24
3826,1984
3476,4135
1375,3212
2790,3130
4700,3141
1418,1981
208,948
794,2106
2569,3521
4967,1001
925,3375
4317,768
4190,4162
1317,2096
2748,2454
523,3857
2664,32
4247,2430
1008,981
2312,2176
465,4045
1401,2734
1152,1240
2975,1540
3225,4882
215,1082
3916,4152
4490,1435
3791,113
1154,869
571,3403
3645,4623
4120,2475
3763,3852
2698,2988
1481,3020
4115,3078
854,4636
4569,1518
4811,3245
672,380
502,1207
463,4288
4995,1295
2501,4373
4689,4476
2240,3929
1231,3155
4188,2539
4424,728
4512,711
1258,3535
4355,3411
664,2845
1291,1046
746,1029
3532,4990
2937,4514
1659,1228
4554,2717
3880,3086
1503,1419
3515,2071
762,2027
3836,203
3477,3590
4249,4634
4578,3786
1281,2730
4635,3494
4660,1483
1478,534
3042,4562
4912,3747
2614,3831
4072,2848
3055,2535
1653,1439
421,2986
1039,4166
2666,4730
4356,1802
549,4346
1557,2526
3516,2431
3298,669
1483,3582
673,1174
3370,4192
3011,1763
1652,3742
1474,1969
4586,160
958,1161
935,2694
3766,1631
1994,4004
4718,2714
447,362
740,409
2912,3258
315,4043
4265,3342
1627,4918
597,2461
1248,1143
2957,4515
4816,2636
4376,3263
631,1805
3487,4613
4161,2599
3864,208
4289,2884
2196,3149
1248,407
249,4713
181,4703
3408,4245
2484,429
1394,934
1968,434
1768,3596
2261,4888
1283,596
3174,4943
3661,2789
3158,4172
325,95
3294,44
2846,680
4856,416
4560,4875
717,929
436,4508
1836,675
4702,2203
2822,3304
3201,2359
2940,4643
1841,1098
4378,59
2827,1015
1725,4826
4444,3823
20,3687
4600,2675
1845,2137
4228,2626
1495,810
4996,2670
225,3052
3960,4359
968,2598
92,1328
4246,943
3276,522
2290,2305
3055,2139
4587,3994
4761,4969
2723,1467
2641,1845
3762,1336
378,1487
491,237
2121,463
4157,3905
2105,1356
2649,1098
1387,2281
2155,3982
2331,1474
2316,492
2553,1560
3647,488
872,4396
4254,4018
4630,822
1178,3161
4763,3427
2228,573
3825,3875
2595,1060
3591,4134
1288,2146
4578,216
658,3077
72,2880
751,515
2141,4914
4959,1218
3048,3966
2237,1040
1118,140
3314,449
1139,412
2748,3305
4189,3625
593,719
2505,3930
4434,421
1918,769
2120,3060
1544,4715
1182,175
1225,1338
655,1927
2056,2092
3832,1136
1404,1303
811,2541
3678,2120
4625,1483
1518,3346
171,526
2486,891
4652,4390
3417,2343
1363,416
4987,1564
2641,4989
4162,888
2419,3402
3075,35
3300,1964
800,23
259,4237
2129,687
3334,788
4188,1331
2520,1850
859,576
4035,2287
4040,814
2007,2185
201,3576
3499,4889
1645,4017
1652,4842
2269,3505
861,1973
4188,3958
1257,782
1082,3155
871,4862
3964,2477
4589,1855
492,697
1148,198
3602,4075
3412,4160
2924,2694
4431,3305
1749,448
1724,3662
3941,1718
446,2434
779,4669
4953,777
879,152
4422,3089
1077,4991
266,1130
1727,4016
1917,1605
3586,3845
4549,4482
1372,727
3774,1948
782,1447
4849,4592
4395,4739
1010,269
719,2193
272,241
2697,3523
4124,4746
1263,4653
32,1398
4959,2280
2173,1258
4861,2416
3784,2118
457,2149
2701,4360
4493,4237
1202,4031
198,1968
3797,4985
2510,3301
1580,1348
4432,3781
1200,1901
2255,370
83,1863
1628,855
4994,4306
3342,2179
1123,1454
995,1691
2424,2083
1713,1110
2152,2703
4552,2378
1737,78
4960,1657
1122,3096
3720,4831
4736,1977
177,1282
4997,1420
3636,3147
4380,3034
3390,4808
3671,2302
447,3895
753,3880
2436,4962
4380,4961
3080,809
1626,2535
1066,4572
2760,4708
150,3190
1304,3786
1270,2530
4247,1789
191,4366
4685,4815
4253,4500
3275,1868
3513,650
4638,639
735,4117
2995,2512
753,488
2179,2492
3607,3570
989,2010
4000,4153
568,1203
3358,131
3948,4036
2562,3617
1750,3656
1311,1987
1300,573
119,4027
4087,2954
4610,951
4133,693
1829,3044
585,2217
2278,2663
451,1187
469,3998
849,3432
935,874
1519,1227
1256,3082
715,2476
4810,4561
2255,3357
4453,2496
3503,2095
3753,3609
3982,1385
4253,1480
3264,2582
757,1888
3023,3298
1700,2449
1990,987
2238,3500
408,3193
3200,3304
3427,4695
140,820
4472,1824
668,2572
1558,20
1526,4253
1248,2471
2223,4268
1521,2021
3458,1287
1206,2561
4389,350
3783,3501
2538,4693
3861,3121
901,4721
1451,2440
127,3792
2269,509
1270,1315
540,1912
1122,480
2641,2314
2951,3481
1263,857
3223,3022
236,2928
3947,4866
479,1106
2370,2028
1297,3569
2629,231
3990,3973
3477,1316
1279,1727
2526,1733
696,4732
1978,1164
3209,396
1627,2894
3482,551
2752,3777
3454,1792
2117,2653
3929,2243
2271,4520
264,221
3415,586
826,890
3406,3790
4558,2049
4518,3911
2231,1344
287,4285
2190,2807
1487,4050
154,1315
3108,2329
3408,135
2846,4772
66,1253
1947,2491
1892,2946
3984,2538
2548,3480
1502,2053
3629,3776
4148,4709
3267,4150
1825,4758
3823,3157
4254,2385
1720,226
2235,1780
3813,751
1181,1983
4497,1138
4839,1282
4983,4638
3250,1893
63,917
2617,4305
1083,2575
3106,4869
1993,3538
1654,3048
3475,3151
4728,3088
1213,1806
866,1493
2521,4964
3215,206
289,2439
3781,2493
1415,1037
3100,4230
1897,1041
4957,2310
2691,3440
939,2545
3512,432
1692,2365
1965,4632
3663,2560
1247,455
4954,3942
767,2560
4999,4191
4560,3823
4044,774
4273,4857
4236,1033
2728,724
2442,582
544,555
2206,2518
4715,1952
4607,4109
851,3460
4319,4373
2799,478
3222,2391
994,2154
3026,3342
2163,2443
1571,1204
4314,2403
3594,1638
2002,767
3783,978
4620,3175
4445,33
3804,2755
3490,3483
2897,2385
4216,904
2226,1260
4123,164
1846,3546
4358,2877
4870,4765
1453,1434
2815,2165
3147,1303
3764,553
4362,4514
4306,494
983,3499
3256,121
2682,2109
41,1020
3400,1549
3010,3638
3486,439
2530,3480
1659,992
4417,4984
4896,1521
1205,4296
2578,3696
4984,4306
597,205
497,4072
682,1284
3479,3252
3540,1279
600,3474
1137,498
1004,4120
542,2703
2086,1455
3662,1917
4243,3688
742,2534
2385,3546
2259,3951
638,1658
4892,3314
2768,1897
951,3974
2920,2415
4682,65
3265,3215
2948,3986
3287,2123
2458,608
1636,1185
1542,2056
1498,1151
3528,3323
4453,451
2142,1062
677,4392
2405,913
320,2600
4362,4639
2827,101
1561,1203
858,4472
3636,2294
4357,4032
4757,2090
2262,1852
4796,4564
2059,3270
790,2807
4249,1038
2451,236
3176,4978
1727,573
3706,4757
4364,1760
2105,626
803,4239
1550,1461
1775,1006
730,4684
1930,0
2051,1457
1955,3999
4191,883
89,4059
3926,815
1764,2103
381,4510
4327,1221
2302,1849
2030,1376
1259,1687
4840,1166
2372,1767
928,102
4258,1314
2492,1694
3544,4202
1409,4667
1125,158
4925,4035
4147,4353
1294,1984
3069,4750
3221,1461
2282,4421
1729,1001
932,501
2663,1724
1861,99
4637,732
4767,3516
2333,4166
926,2951
3853,3358
2158,3591
500,3494
2777,3938
3318,663
4120,1339
1031,1791
2902,2460
2671,3252
944,3744
590,4973
3072,304
909,726
2779,3880
2899,1248
547,4413
402,2320
4151,1076
2242,4838
1740,4517
403,378
1888,3817
1828,804
2007,3015
2960,3614
3039,2433
1017,1634
536,2375
4925,4617
456,3826
3855,4328
37,2648
1997,3677
2741,1957
2050,1078
4718,887
3858,4143
1599,731
1819,4720
3494,6
58,362
2886,3914
2291,810
2615,4845
2764,3274
1763,1126
1782,1008
1298,1920
2836,1196
3001,3830
1122,282
2960,989
4904,123
723,3218
3399,1638
2485,2731
3219,2766
4324,1835
729,393
4024,3918
4990,1604
2945,2837
4735,493
2037,2068
2200,1770
3538,3060
2694,421
3890,4053
2906,1721
4299,537
463,132
3735,1872
2698,2642
4992,270
4927,2642
4414,4367
3028,74
2454,3134
4247,1074
410,1851
3080,1297
2244,4731
2786,2546
501,3569
658,4998
4075,3762
243,3002
1978,1492
2158,2712
1802,4336
1559,2703
2872,4368
223,2475
2654,3986
744,3155
3966,1404
3845,2528
173,2659
2038,4444
1616,758
1657,3288
3310,3220
1034,681
2696,2765
1587,2691
3142,1013
168,3452
3446,4982
1299,350
2195,3574
3361,2758
1269,1772
4163,4759
3874,2658
3081,2265
1290,650
4436,432
902,1950
4147,3215
3023,751
988,1282
4857,2210
856,1901
2649,1596
3151,1939
286,4864
2014,2973
3117,4217
1252,471
3232,211
4298,2555
2475,59
637,589
766,1143
2222,330
722,847
3782,742
1169,2238
2618,2667
388,3221
4462,1652
2211,1378
1094,1503
4596,2297
915,719
3920,2517
639,2543
4593,656
222,1968
4343,4673
4273,1530
44,4850
1730,3875
1357,1268
1103,475
307,225
1306,402
2365,1878
130,3477
443,3752
3800,4669
2472,2356
3524,1283
929,979
4922,3829
2234,2391
419,2589
3763,4468
330,4617
2794,1855
4778,795
1807,858
110,1683
4594,3868
966,3472
1918,1107
85,952
1624,1305
2641,3553
4133,1176
4827,279
3589,1984
2069,2730
1817,3989
1637,1649
1924,1974
4978,918
4048,1073
2765,972
2254,3599
2663,3768
50,3507
3163,2072
2624,2071
3222,2
3783,2973
631,3294
2137,2568
4493,774
770,4476
129,2992
2474,4330
1825,4019
1226,1643
4442,2408
4455,4385
3009,1852
3803,2362
3139,209
1589,4312
1194,4863
2718,2181
4356,768
2589,2899
4210,3126
1001,4130
2821,513
2561,37
1703,2219
2356,283
2599,1028
2744,4455
3615,1650
1208,335
4519,542
1405,112
3150,986
81,4461
1577,1209
4275,4840
4857,3421
1218,2818
4497,3324
3726,4299
806,2448
1129,4009
1328,1356
4175,3334
3164,4868
329,971
1427,1127
1255,3900
2022,3102
4799,1757
1389,1898
3353,4495
4796,1622
368,4582
1435,99
4513,1696
1373,3426
596,4521
544,4477
1416,1020
2615,4620
613,2100
4325,903
427,3895
4275,735
4395,4000
339,839
3031,3491
3550,4101
814,4244
2630,444
2083,386
4508,1208
2580,2203
715,3121
901,1568
4099,2733
360,484
1728,3046
1989,1803
2290,1081
2657,3062
4330,1088
319,2591
662,363
1722,2552
3242,4168
2419,133
1114,623
775,1186
3072,1947
4349,4573
2133,3871
683,4016
4128,1730
2264,4780
827,982
2618,3286
2637,527
2082,1331
4920,3522
1048,1145
209,40
3371,4311
4079,4347
1301,1548
4614,4099
4626,3813
3146,3048
1300,3160
1642,3278
4420,2351
1594,2488
185,2030
257,3558
4226,3600
273,3164
4581,195
4743,617
75,4585
679,3289
2243,1386
3588,736
1789,153
3842,1033
2979,2502
404,2198
870,2214
2207,3861
2808,3255
1099,96
3136,906
912,1051
4434,666
513,2755
1484,1317
413,2025
1415,3345
1046,465
4517,1532
2150,3975
4312,4282
3125,4529
3583,2885
4131,552
4605,2370
3750,576
4388,2089
4151,604
743,1743
2993,596
4207,4569
2889,2281
3465,3693
3034,949
4792,1753
1987,45
3047,1447
4812,1846
4938,1747
3581,529
4645,4411
4636,1716
3038,1796
370,2108
651,2514
2511,1696
664,195
4428,1009
4778,3557
611,224
4981,1767
3925,1666
2781,2037
172,3385
3948,2227
512,3102
1383,2694
1515,4989
4414,214
4062,4351
3648,3066
23,2161
863,827
1433,3712
3254,4354
1381,1809
3664,4226
2896,3872
2654,2139
3718,589
1989,2675
2941,587
3136,2926
2968,400
3871,625
3316,2809
4129,1053
2840,3848
4019,1022
1628,2410
3523,3464
630,2258
2915,4492
3012,686
1864,1255
2512,4193
2867,1817
2834,4154
2474,1848
735,2579
2886,109
94,2004
4897,99
2354,806
4884,4387
3071,66
4778,1806
4160,860
4407,4563
230,1764
446,3561
2628,869
1404,4172
2138,1139
4223,3034
3220,3784
3224,753
2833,2618
3863,3404
3209,4505
4312,695
294,3409
3228,3406
3782,4481
1503,1019
2386,2459
1577,893
3537,1979
579,3507
203,4746
3524,2965
4568,3187
2093,457
2556,1898
1915,3662
3787,2769
765,4741
1713,3703
4302,2607
3743,4869
4676,1174
2956,1198
1384,409
1258,3426
3920,3722
3370,2461
4649,3129
18,4984
2749,3542
2478,2718
2881,4558
89,1667
2882,2429
1132,1007
4301,2355
654,3448
4010,3998
1581,3573
4076,3767
3743,3157
1276,4150
2158,3528
3457,2302
1082,4574
3574,1311
266,1776
2745,88
1597,4603
98,2513
2707,683
3804,1723
3380,639
4696,1157
3899,1126
1926,1144
2154,1552
4621,3226
4719,3292
3254,1096
1158,2533
2936,2634
902,2329
4595,942
523,3196
557,1523
2825,2557
2159,1602
1016,4149
232,2354
3799,3760
3131,4693
3010,2248
2840,159
554,4215
386,2430
1483,1935
67,2545
2681,2521
2482,2584
3655,2174
830,4623
2145,288
592,1993
1602,109
1065,2950
4960,1102
2877,4002
972,3597
2427,3430
681,4681
4472,1858
1943,2821
4911,2871
3856,4453
4294,4815
4272,2324
3804,3619
3441,218
3428,4289
1148,4266
4665,883
3904,3421
1027,4483
1031,2989
773,1285
3636,922
1043,662
1499,858
4048,3781
1583,4928
4578,3839
1197,3383
2611,2526
4225,4837
4817,1802
560,1271
519,3354
109,3352
2764,1493
246,4375
2105,4692
2980,1202
849,2405
2469,2677
2961,1764
1153,2229
605,4684
4527,3312
3669,51
728,1885
667,2959
2155,3173
1053,4279
1122,3334
3585,2172
4646,3920
1527,1837
4785,1051
2993,1230
3013,3643
3319,2124
1861,3812
4854,2498
4968,614
3367,472
4577,142
1100,4183
1960,1324
1162,1916
2908,3324
2298,1362
993,1093
4690,1695
3572,4716
89,454
553,3045
4089,155
1542,1121
1265,523
223,3253
109,2635
1517,4859
2444,489
3827,2786
4224,157
4501,594
847,333
1349,783
2765,3397
2376,2850
4144,952
3455,2237
800,3410
4807,2511
410,1511
3169,3123
2096,1044
2239,4870
2671,4023
4467,4148
1231,3361
2888,511
2485,3797
747,4020
2041,4644
1814,2794
1736,3924
718,3850
1900,818
2392,3270
3755,2523
727,3364
4572,536
4590,1285
4573,360
3416,2566
4865,4224
589,2321
4264,451
3320,3111
1381,1814
685,2538
4225,1614
1394,1688
1205,456
4970,1181
2366,2350
3030,1750
4794,3333
2213,2118
678,4206
2168,1304
1647,594
4655,4516
3690,1512
1394,47
1261,2166
2595,4194
4556,2293
74,4335
646,4963
3367,2039
934,861
4074,1377
4338,1955
3567,3587
2390,4401
387,2623
4287,2870
3978,2725
3629,3240
1252,3651
4312,2401
1830,4603
495,1235
2084,3266
2180,673
4465,4249
3316,1102
2400,3444
211,527
1910,3989
4932,1491
4075,1897
93,3443
1978,4599
206,3169
2274,935
4417,2396
4916,3982
1600,2411
3393,3466
990,1486
4484,4363
3441,713
1531,653
4756,1680
1287,2699
2198,1268
1124,4134
4516,4705
877,2140
2209,2002
4272,4943
510,2892
54,4869
1642,1770
2105,2684
1904,2074
2943,4579
3049,857
103,4630
3914,38
3809,2549
944,164
3402,638
864,2076
4489,3889
222,3793
996,2036
2343,3428
4496,1747
2102,4752
3361,493
187,2630
76,4142
1376,1725
903,4417
322,1785
1472,3227
1364,1812
4545,3439
750,1286
3302,4563
4820,372
3509,638
1563,4649
2305,2568
479,2456
3491,1523
4545,2936
626,88
1241,2146
1925,2722
272,3330
2667,2265
2670,4453
1765,4323
3119,2715
1931,4370
2355,1281
2684,4473
621,2768
4725,1946
805,513
115,3597
4846,3482
996,4432
4417,4071
311,3358
473,3750
4845,776
1829,2544
3568,1241
2630,2397
4837,4089
4532,4712
377,2465
17,687
1734,3077
1806,1235
1426,2174
1561,3916
4783,4768
3809,1145
1097,446
4698,4319
3182,327
2132,1934
81,2617
4993,2218
891,4443
954,2128
3428,3808
171,993
287,836
2561,1470
2511,4043
88,3553
1306,3682
3507,3872
3861,4954
4453,3633
4444,3278
179,4344
1309,2504
4357,2595
1462,533
2886,302
3314,3157
1134,2228
3496,1987
412,3196
29,3004
3916,4818
1490,2817
1636,1769
3533,3411
1543,1915
1917,3701
1804,73
4150,2870
3579,604
122,1360
2726,1206
2138,2055
3636,3959
448,505
475,1492
4843,1157
3024,2021
700,4421
3401,2938
4320,2157
1616,3397
1944,2602
1071,2894
743,1674
2788,1051
4107,1728
207,1571
2559,1633
4533,136
511,1797
1046,3884
4505,678
672,4151
3132,1277
2329,4959
1950,1084
2539,3867
2545,1632
3802,2066
1819,4149
2145,658
548,3687
3012,4652
832,1230
2232,3740
927,405
2455,696
2757,1629
4302,2376
1905,2021
1537,4469
3451,4892
1283,2335
1593,1367
4614,1407
1556,961
267,2212
3347,4363
4921,223
4870,4926
1388,4187
2049,451
813,4114
4570,44
2928,3204
1497,322
1271,4855
1959,3914
4738,3640
3879,392
3119,2455
3500,4328
308,1828
509,208
1434,1555
4530,2213
3693,258
3473,816
475,4764
1317,3558
4562,1164
4181,2739
1388,3147
3025,3952
3182,4700
1833,2996
383,4498
2608,651
593,1431
555,404
3279,3822
69,3552
2971,3057
452,2794
4383,4120
4874,189
841,4643
3913,3828
2897,4056
2648,1153
1649,1965
4333,2719
191,291
2064,2496
538,168
3668,643
1304,4894
2570,1279
1972,2432
2776,2699
2228,1567
1608,2109
2586,3037
3832,815
869,4864
4752,1407
2034,3594
2026,2815
539,3829
3599,4694
1610,3938
489,650
1285,328
2020,2750
2313,655
3148,1773
2704,2691
4043,2616
4006,4125
1193,2099
3782,3506
2946,2292
842,539
2846,2039
169,2497
3278,3765
2918,428
3258,4458
3598,4230
1476,4187
208,4413
2711,4474
1131,639
886,422
1782,2279
414,1700
1265,2470
2157,875
4683,835
2604,3820
4458,374
1287,1024
4120,542
3535,413
837,4272
4232,3180
4627,1766
819,461
4316,2011
2785,490
2377,2039
2897,4769
3721,4192
2989,4976
1241,3182
2418,1787
793,4504
3841,4052
3235,1227
3591,1257
1219,3416
2205,2923
2380,2704
550,2232
3337,245
2893,1429
2620,2930
4421,4749
4937,4016
2029,626
3083,4542
1961,1875
959,4271
176,327
1532,2542
241,2692
4031,4472
4203,659
458,256
727,55
4329,609
3718,2638
4535,4167
3540,3781
300,1128
2042,3489
3210,1146
1438,3201
3567,2800
3219,1563
3185,4811
2230,2788
3792,57
1581,4040
4332,3220
2071,3336
1875,221
2891,4256
3993,2494
4636,3368
1313,2370
2320,4481
2635,657
149,1914
3659,3642
437,713
2208,2690
1282,2548
1618,4978
2142,2680
1455,2979
1757,3035
3845,826
1904,3237
1914,182
4904,1572
4725,3838
4778,4608
2783,375
4343,615
4452,3551
4171,4035
4559,3607
474,1418
2629,2206
2288,3798
4975,1977
3761,1575
1167,2883
3334,3287
3186,1781
3115,3448
3932,122
2614,2771
1991,328
952,582
3329,1046
221,4966
2281,1775
1682,3149
527,4809
3147,2925
2461,1576
2102,3204
4105,1860
1781,1697
2760,2135
3479,4098
2105,1913
3659,893
3470,1947
1710,648
2627,4633
2734,3647
2248,450
1915,1850
1513,2714
3375,3918
841,919
3291,3480
3538,570
3063,3523
2379,42
4482,3068
4506,1775
569,4287
1613,839
3438,4134
3727,726
552,169
80,1004
4567,1841
2177,789
3635,1140
4998,2192
2716,1643
3907,4830
3616,3012
4066,4014
1327,4636
4388,3463
2846,356
4455,4567
829,3962
2691,2747
1362,674
3607,3659
4788,4586
4751,744
2225,3785
416,2298
2527,4394
3055,2693
704,4589
3410,3593
2242,3806
368,3041
1127,373
172,768
4730,1773
4518,1571
880,951
246,79
1267,1311
2057,3069
4456,4718
1917,2239
1404,4975
2002,2188
3874,4944
1122,3041
1641,3891
913,2441
632,4989
312,3670
1042,2232
1284,700
4925,1025
4568,1766
3794,1744
3244,1371
3522,2773
848,1090
4384,1974
2554,1208
2655,1925
746,2012
4155,4112
4957,2022
4136,1836
1605,2665
385,1973
252,1840
4905,1847
4454,2187
3475,2175
3829,4459
2223,2599
3345,2003
2992,3894
1827,3968
3434,2573
1007,1113
4626,4529
1529,2049
3036,64
4736,628
3285,4072
143,689
864,3415
2739,3021
1461,2505
3376,3791
170,173
4168,1161
994,4839
4070,3162
1743,4001
977,4323
1469,1773
1744,1216
1813,4322
2109,3805
3972,2188
2038,3197
807,4435
1813,1443
1282,1425
1634,1563
4140,4220
2597,3315
1697,2575
1958,1427
774,888
4244,2160
2304,1276
4493,3152
3633,4768
3043,4790
896,2776
943,4571
4513,872
4933,3027
1347,96
277,212
3317,74
826,3800
1317,219
4637,4656
704,1330
3599,277
1896,3047
1547,2636
4809,4661
3479,4619
1824,4576
5,4551
2330,363
600,3895
1425,2072
2087,23
925,4495
2301,4945
1291,2318
3439,491
50,4497
3752,461
4452,2246
3404,4022
2877,647
4168,2411
4972,165
4453,3848
3532,1295
4597,3381
4178,1640
2026,330
25,3223
55,2681
2949,1618
4543,314
4904,1509
4980,1280
3459,2191
357,4184
968,1769
4529,2171
231,893
3291,2032
4659,964
2428,4580
2859,4703
938,932
2929,1248
79,1162
1706,631
3310,1126
2859,2950
1056,2073
858,2049
3931,490
4349,1111
2227,1166
3559,2159
3104,4163
4644,4349
4736,1954
247,3005
3391,4361
322,2955
1494,2466
1243,1363
395,3595
4145,1103
1818,1022
2219,1166
2030,1441
1746,2801
3196,196
259,636
3970,736
3883,579
86,4437
4963,4029
3952,1909
3659,4806
2664,4036
2415,2762
3835,2513
3524,3748
4686,497
177,2085
2429,2273
3828,1110
4647,1725
1539,3060
3018,2562
1157,1802
365,3163
164,4577
1476,1991
3527,2060
2056,2307
4327,4859
4118,39
4600,3688
882,158
3000,2626
3938,2762
1325,1516
577,2670
2728,3206
2545,2159
1185,1088
3113,3916
2049,1546
3376,4501
636,1989
1712,3272
1096,2906
949,2209
1997,4602
105,4713
235,732
4009,593
4103,3615
4542,929
3410,1537
2879,4816
2773,2298
386,4954
1113,3591
1573,3920
3304,3193
2484,1779
2296,3828
3543,2878
4697,2852
1572,1564
439,4772
2327,58
1068,2588
873,1467
1748,1739
451,1807
4165,814
2236,482
3965,2904
2185,3566
3788,3745
4537,2422
3263,449
4131,1782
2388,4997
3179,4007
3017,3802
3271,2771
1051,4208
1242,3176
1484,209
3523,4493
422,568
4047,3928
2690,215
3613,2519
314,3386
2549,1287
3605,230
2170,1143
1069,2823
3603,1528
3581,4918
2306,1008
4018,1481
4848,2705
484,3080
499,2892
4446,304
2367,457
1193,4700
3543,2729
2567,3607
2718,307
4094,4684
2597,4994
2549,1827
4748,4691
1362,3976
2744,937
1694,557
2287,4633
2300,713
3414,3522
2073,1979
3520,4888
2325,3025
3471,1727
4776,1112
4121,2583
1199,2950
2499,195
1076,1929
3973,468
343,2557
3900,1230
4704,2161
3137,4206
1453,1266
1126,292
1127,4182
2147,2135
1261,4166
2639,775
957,609
2183,2528
4114,4679
3270,1391
2424,2365
2471,1731
768,429
2194,3683
748,794
1920,3331
1069,2023
2378,2567
439,2776
3262,2521
2791,4934
2303,1154
2670,2677
3298,4650
3350,1794
3746,3482
2317,1185
1949,2930
2066,2650
1619,1127
2049,4079
3671,3258
2950,4797
984,1070
886,2845
3478,2067
1676,740
560,333
460,2861
1531,3269
4390,953
3552,3000
915,3825
718,1309
505,1443
4210,3998
2678,1718
2892,67
3611,1086
2809,4416
2001,2424
4281,1534
671,4457
49,4213
3902,4196
2203,3257
4163,1728
2869,179
1205,852
2610,4350
3474,2825
777,1220
2078,753
2586,2069
705,4793
1226,4221
4478,712
3662,3941
1247,3173
4010,217
3052,1779
2071,1569
428,4722
3629,2740
351,1167
2771,3363
1586,4179
146,1142
191,3280
3693,657
3236,4350
4238,3662
1085,2532
2778,4439
2637,2448
1780,4163
2931,1392
2247,3502
1027,3057
2388,2552
3823,1193
4813,3773
481,1094
157,3001
1283,971
275,1782
1637,3282
958,3424
1435,4456
1458,3098
3028,4454
2982,101
4327,2707
3198,4554
2082,780
2351,1083
2202,2655
3679,1555
3035,3989
175,2781
4316,3134
1505,4564
2225,1023
4390,3489
2710,795
3313,272
817,2004
1878,4087
2317,1090
4695,3542
1699,3134
3846,1496
2022,3121
3245,4556
871,3458
3628,3530
407,495
1955,3219
480,1825
2775,1816
4035,2497
195,1019
3234,737
3715,1771
525,2897
1648,920
3218,2992
4138,4741
4753,780
3780,1571
2047,1083
2829,1259
3606,4305
221,1582
2282,403
854,2193
4360,2091
1601,1804
4693,320
177,4051
1737,918
4203,3882
4664,2966
337,1876
872,1037
2117,2744
3863,4167
4957,2184
436,3665
2018,3899
2022,1227
3351,1169
4161,2775
3560,1776
170,3244
2279,1227
605,4181
3311,2539
3520,1432
3838,4871
1562,2033
1297,3493
1785,2356
1930,4324
3106,786
2489,1023
958,46
775,1021
4479,4095
2268,761
4596,330
3878,4632
3273,2588
1981,4640
4593,482
4813,3710
4821,1837
4704,4466
4417,3287
1359,4068
1450,2449
4158,3168
2408,72
2668,4053
2872,2239
2089,2298
4819,3059
2001,3352
1475,1535
4372,4139
1648,3099
4237,764
170,4383
4130,3934
2374,2553
3189,4961
1077,1538
3799,3550
1507,355
1282,4539
1193,4108
3486,2550
4008,3722
1265,4238
1472,1762
2630,2270
941,1861
4716,1133
4500,2790
876,2808
2255,1617
4660,3157
3424,4080
2404,268
4167,2658
1597,3592
1804,2187
3376,3166
401,932
4925,3765
315,128
3175,1081
935,1606
3125,816
2535,995
4112,193
1369,4698
4951,1317
4037,3361
881,3085
4820,936
300,1705
1864,590
2404,4118
1744,1943
3938,3273
4363,154
3606,1672
1694,3368
1903,4499
3719,2327
3309,1951
2205,216
3305,2726
3342,2084
2510,621
2586,2678
3919,1367
2918,508
4885,4024
2926,4548
1584,1910
3592,2806
3764,4309
1837,3410
474,365
82,4263
2958,1956
2228,703
3593,2709
2733,2492
3905,1230
3986,3338
1267,381
4746,2746
3164,1336
876,1776
1467,4379
119,2616
3538,2725
4872,2554
4848,1539
1792,2713
379,4315
2200,1385
3054,1598
2178,2750
1472,4129
2539,3149
1778,4279
3460,1047
130,3801
2453,4428
2291,3983
4488,562
1064,3073
2844,1385
2425,1626
1562,4510
3905,2440
3006,1135
923,2975
4383,1812
3059,351
1690,4727
2900,3873
3785,387
3706,718
2268,626
4489,3344
1094,4042
1258,4528
4138,4652
4094,1828
2099,901
1634,1395
586,3892
4213,3197
3676,3113
4889,4564
4888,658
285,4908
3455,4964
777,4238
2122,4298
2507,3916
2229,3215
1991,4293
3210,4789
2075,3703
3900,3146
2913,1721
416,3069
3707,2481
4238,1983
3252,4799
2444,2627
115,4731
1705,4311
4241,4159
317,1188
4586,3553
1017,161
1406,2856
2423,2331
4506,2203
2991,1143
3355,2517
2193,2160
3650,2882
1293,3666
1953,3440
1286,3065
4600,1960
2031,1679
2834,1116
848,1985
677,3079
2566,678
1573,4431
1822,1111
2071,3988
1061,4582
4873,3289
3887,810
4188,4834
1659,4631
4976,2268
2855,2108
2901,4690
4709,1539
277,990
4220,4459
158,4891
3628,3012
584,2827
70,656
2566,465
2437,168
1765,1322
1929,4768
4075,4584
251,4781
4168,1183
2633,4250
1232,1878
2305,3070
1461,765
4216,4498
3195,1539
4748,2841
652,1011
4068,4980
1371,4836
1885,3087
1731,2852
715,616
4304,320
4148,2645
2148,2977
4847,816
4505,1044
2780,2922
3466,1284
387,188
4347,515
4769,2070
3180,1599
3277,4501
3137,733
3077,1526
4921,1423
1972,4307
1335,428
2248,1981
3459,1689
2356,2257
867,1610
4578,916
3491,4353
4845,3464
43,1457
3299,4727
4510,3313
2474,4587
4283,440
2644,1420
3352,577
1260,3373
4641,2387
1774,1683
656,2644
4676,2815
2739,4818
2165,3616
4989,1707
4973,2151
128,4327
4066,902
1298,3202
3048,1051
2924,3907
3188,3618
4774,4309
3574,4225
4319,930
3668,53
1562,1057
1074,903
2132,1460
3955,2377
693,1097
964,1202
1031,2088
4346,3897
4212,1375
1820,3268
4226,551
3860,1568
1867,3897
4903,4405
4580,3819
4040,4363
1054,4106
4186,3156
783,4935
3977,1052
903,891
2597,1244
715,95
3186,2766
3568,3475
1455,626
2175,3575
1710,143
875,1603
4800,2056
915,3363
3674,2412
401,3984
607,1547
2483,1813
39,2209
4498,3939
2488,1085
2822,4967
4116,3769
3782,4856
980,3130
2399,4811
3704,77
4686,4906
4137,3293
1998,506
1814,1803
914,2454
4550,1520
177,114
3746,4641
1728,4626
2109,1808
3603,1913
3926,567
803,2421
2918,2832
4188,4198
2873,3822
4733,3059
2238,83
1455,557
40,943
771,310
4742,1359
4836,1895
910,2319
2743,523
3774,643
1807,4098
3305,95
501,108
4013,2868
4652,1230
2002,2005
979,159
1905,942
3852,3911
4632,461
157,3284
2157,320
2168,1575
1808,2392
4257,2281
1266,2664
3463,4688
1422,3918
1471,2475
3223,2525
2980,4667
2098,3376
642,3445
1531,4016
4752,2582
804,4390
225,4620
4060,1108
541,3787
2266,2825
4593,1403
4488,93
575,56
307,4468
4856,3635
2970,3073
2365,857
4650,4879
2003,2732
2999,4320
4411,3663
4903,1665
501,3859
2298,1484
3724,4179
2428,1819
489,4219
702,1577
2435,4584
4633,1422
1448,1924
4245,2484
2683,1853
1413,3336
1818,3510
2562,4811
547,1536
3145,3598
255,4649
4503,1492
484,1489
2589,1870
2428,1260
1822,1923
3740,3466
2112,2659
4101,4661
2282,2426
3949,3528
993,2267
1601,4961
4826,201
2173,4725
4804,4815
2022,4649
834,641
115,1431
3032,157
2976,70
4746,2956
1446,1122
632,572
2413,1140
695,1319
2624,448
2756,145
2443,1916
3382,2308
4321,2731
3596,61
224,188
901,3106
302,4317
2812,4793
1456,394
4628,209
2760,4887
2767,1637
2173,1821
3930,3419
2341,2473
2840,4149
3087,3699
370,4572
2490,1388
4442,4212
4819,3011
2320,1591
248,479
3392,2784
2321,238
2294,4094
2218,239
2214,4573
722,522
1551,4829
3677,3544
3197,3056
383,3764
4453,488
3338,4740
3564,2324
2402,3604
2567,1157
381,4694
1942,3655
2921,2412
2525,143
3019,4995
4257,3978
604,1104
1353,2381
4882,3502
1642,4211
3531,2943
3800,2635
4139,2017
2968,1403
4749,2712
2021,1598
2857,634
4248,2894
4368,3243
1654,2906
1172,1915
4016,4585
3116,3251
922,642
4757,1160
2821,3811
4873,4300
475,4792
4866,1883
1632,4931
2940,2413
1193,2189
3162,3832
1814,3032
3205,4925
1430,1818
10,949
4333,4426
1059,2173
94,1374
1749,452
4727,1558
395,3242
1256,2162
1542,1009
665,2532
1336,2580
2481,725
3916,1828
1409,4094
798,633
2881,636
464,1138
1472,3206
1378,3028
1444,1359
4809,131
4979,4241
1465,3360
1220,1667
3418,3420
4279,4452
870,1897
868,3084
1519,3672
3697,1011
458,1377
3281,2797
1066,19
961,3429
2629,3625
1966,2784
1413,3743
886,3368
3325,576
3309,1588
4437,3855
400,580
175,1317
425,4960
4023,541
4056,1717
4930,4250
4571,149
1077,892
4112,4857
2535,2657
823,2455
834,73
2180,4131
4659,2196
1357,2153
552,3940
3004,4026
1188,4634
2418,1162
4869,657
985,3626
2343,2762
1636,3325
199,3527
4840,4285
3753,1102
3466,3716
4234,2725
1959,1266
724,4618
3770,3
1737,2008
858,2124
2697,558
787,3276
3090,2398
80,3406
239,568
1849,362
3733,1496
757,4337
291,2696
4465,2349
3155,3733
1602,3329
2715,1373
1150,1655
2272,4527
2092,128
2936,2365
4438,4362
2979,4627
1917,4459
3464,4714
1481,2959
3789,1891
4919,4276
1134,1319
3622,1521
519,1128
4104,658
2797,4944
3960,4555
4849,4283
4221,4124
410,1609
2137,162
3632,4183
2402,1930
1285,1430
4000,1371
2075,2911
4544,4982
2225,3732
1361,4529
1925,4425
2491,1866
2459,2065
4242,4994
2965,4879
1259,4983
4944,3239
2821,1278
1631,1337
2209,617
3442,1965
1898,1250
2620,3677
642,3612
355,2594
1959,2641
2411,4534
4628,3339
1783,1975
2011,3988
4557,1674
4242,4194
2348,2285
2691,4529
2852,3710
2035,3887
427,3365
2555,2285
135,3480
2400,478
1582,1594
1959,2142
2884,3892
2661,1631
1635,1592
1374,4007
4986,336
1321,2114
1479,406
2036,3610
1332,2678
3127,4273
2511,1608
4272,2824
3412,2043
1382,3762
1712,3356
4003,712
2872,4863
1382,4502
3249,2120
720,1830
1624,2471
4380,1028
847,102
653,1413
1192,2735
3471,3396
2282,4674
235,812
4762,4789
797,2502
3891,7
2166,4290
2303,3170
1695,1103
2053,2994
3140,3507
4250,2329
3734,1608
857,4684
230,4955
2274,2397
922,780
3,174
316,946
1817,4683
4229,557
4744,4371
2603,2419
873,2654
2745,816
4774,4369
2523,3049
1299,1435
13,1555
1066,1683
920,3538
973,935
2422,1322
277,864
205,229
1790,399
3017,1778
545,3925
1824,2476
1770,1234
474,3726
1973,928
1972,4281
3602,3824
2065,175
4662,911
13,884
4782,4057
4173,3334
2187,467
3251,3335
3309,230
1826,3451
1343,4289
53,4080
539,1809
2738,4438
1404,1717
4394,2031
2518,3462
1264,615
149,4230
4054,79
4366,3562
3823,412
1370,4088
1417,1356
3102,2055
1611,4442
185,2507
448,30
4195,2882
1771,1491
476,833
2730,2752
795,1421
1781,4800
4150,1316
3661,2425
1403,2366
2586,1325
3996,1056
1214,4730
2778,2824
4863,4873
2097,2968
3773,3709
3190,9
2519,304
1566,902
726,2400
3357,855
757,4305
2827,2344
1751,3915
2847,422
541,3237
1996,4139
3725,3877
4566,2961
2603,3911
15,2186
628,1805
3277,2072
1035,143
4492,649
4223,1861
3799,1863
2550,2914
1421,1519
1118,3041
802,1297
2261,728
1341,2289
1132,1229
2251,4698
4840,2742
4354,3984
1596,181
4253,2502
4572,3881
694,2293
87,2225
4179,3963
2522,3440
2516,3478
496,784
1917,3666
4282,1164
2373,3994
1632,4913
1938,1203
3762,3245
2281,2012
4285,2469
3278,1081
3041,3140
255,1367
4705,105
4398,3278
3642,2817
3609,2191
2280,737
1750,2952
4952,4238
4823,1877
2011,1602
1698,3474
4354,1278
2236,1439
1310,1214
1582,1786
1631,1253
2390,141
18,4685
4278,2600
1555,841
3949,4840
4416,3121
1202,3017
2371,2236
1837,628
982,1560
2936,1308
2661,3862
4042,2405
1612,3007
1609,751
1871,3945
672,4048
3717,4966
4978,3568
2484,4568
1624,3603
3236,2665
2662,1442
4270,2022
2588,3026
3320,4270
1901,4244
4156,4382
797,3454
946,3886
1485,4847
2195,4831
2788,21
1411,1790
312,2416
3164,3063
1154,4907
4315,822
1358,4557
1933,1185
2344,802
258,1083
4980,4994
1966,3504
2838,4886
3304,140
1380,2120
1582,1621
1382,2183
367,189
1191,1343
3871,1837
1478,670
3753,4538
4076,1540
3040,2372
1652,2633
4964,2632
1340,3146
2757,2892
188,4248
4060,216
965,4441
4228,3955
584,3410
4884,483
4221,1159
532,3095
223,2499
297,3945
1306,3206
2470,4548
3807,982
2992,405
4675,1026
2830,642
1283,3761
3556,2189
3252,1873
1345,4589
3663,3513
459,3719
4163,4315
2892,3114
2641,3314
933,1769
3948,2140
2604,282
2217,594
1250,25
673,356
3396,4106
2969,624
3591,2817
4594,2987
2580,2415
3534,1253
1489,1859
2349,2681
2483,1525
1606,1187
3441,4666
47,1804
4165,1820
3105,3505
3827,2397
3489,915
2715,2660
2389,2011
1647,895
1603,1362
636,4899
2702,3835
4070,961
4735,4828
225,4368
3435,1964
3217,2162
3780,4990
4978,1122
165,4928
1452,2602
2258,4097
3936,2713
4549,2122
3059,1630
1755,3240
845,3737
2846,3560
408,3399
4437,3340
794,1377
3724,4296
3833,3893
1944,811
4931,3892
582,1004
1975,4812
3006,4751
2562,488
4946,1237
3324,1318
2984,4122
2296,3494
4693,3163
1458,1389
3581,2743
1800,3249
3089,2620
720,4245
3704,2361
44,3590
4771,851
4705,2151
1988,605
3522,2535
1649,4995
406,2619
1326,4908
4956,3225
4686,1356
4651,2678
3199,2659
1387,2182
2667,3788
4057,953
3667,2726
4938,3812
3591,3553
4029,267
4743,2199
3503,3129
765,3522
3544,722
159,737
2359,3058
3520,1326
2680,868
2105,3130
1227,2003
3213,1406
1159,4485
763,3801
2065,3423
24,2761
2576,76
4250,3623
1301,3639
2399,134
2629,4007
2143,1612
4739,1144
441,4155
4759,2508
2926,300
4092,3507
2537,1503
3957,1943
4894,2818
1130,379
3498,1138
4521,328
4231,735
2817,4890
1929,1767
2259,1520
4431,4184
2771,4221
2868,2817
4605,2623
4224,21
4607,4105
3261,3805
2001,1131
4383,1481
4930,2839
3253,1131
314,2053
276,2543
4194,4823
382,3610
3391,2537
1597,3278
950,1875
4053,2930
879,3996
616,1659
4925,2471
1039,3196
2092,810
3674,2204
4839,3924
1304,2616
3427,3049
3227,3838
3005,1620
4300,560
205,2616
1484,2389
750,2527
4134,2700
2199,657
3821,2838
2936,3062
1754,1405
930,4691
4655,1944
3533,2551
543,2686
4708,2793
1896,3500
1234,2146
4295,4205
2950,3048
2401,254
4346,22
1923,1363
280,4193
942,436
2921,3357
1295,486
3495,4315
412,4867
4234,4142
517,4385
3481,149
3033,419
608,3272
4285,4453
2764,3266
4997,559
324,2428
737,2870
898,3165
2699,3190
480,1867
2153,2551
612,730
828,2106
3261,2369
1061,4826
1825,1745
828,454
1399,771
1105,2905
226,1083
1141,316
997,2403
512,2842
2630,3054
404,3639
4881,4199
1802,3840
3091,3666
3104,4963
2770,4963
34,1831
1164,4195
1380,4184
4605,3500
4045,1307
3378,4560
3172,1906
1882,1273
2152,4273
2298,1211
4654,4321
1391,2938
3270,1077
439,1034
1107,2473
4502,2756
935,4609
1148,2162
4017,3477
4741,1932
4557,2364
4416,617
2439,4273
1761,2336
3661,2778
3346,3531
1288,3111
4010,233
2411,2671
2454,1309
1714,1705
1298,413
674,2817
2673,1111
4433,1059
2676,2017
278,3904
129,2261
4132,3127
166,3794
742,810
4815,1223
1713,3119
2896,215
1156,4820
1329,3698
237,4172
413,930
1463,2337
938,4977
329,4124
3768,1700
541,1218
57,1256
3377,2818
3463,1756
2350,231
1145,2559
2254,4434
4180,3789
2725,3643
2865,2009
2334,4172
4332,2028
1817,4525
947,3652
393,1856
2245,3797
88,3783
4224,1472
1073,2446
2404,4352
3015,4731
4397,3651
1865,3403
2705,3587
2971,2676
3710,2829
2366,2573
1901,4585
3793,973
3052,423
2673,2010
2105,1274
3714,3475
1421,2600
463,748
4173,914
372,4802
4695,4474
1625,1906
3613,2229
634,3839
4714,4914
1182,2789
2946,1052
509,4220
3704,1010
2647,493
557,483
3202,2898
3233,4357
13,3508
332,4243
4775,1257
3416,4488
486,2975
2644,62
2395,1243
272,2
3391,2893
4402,2467
3876,1927
1760,1898
3559,4334
4255,401
2682,1271
1988,4689
2950,777
4650,419
1490,4714
350,1298
617,3603
4307,3921
4345,1883
1264,1123
1082,482
3405,4269
4823,4057
3165,3925
2224,842
368,1611
506,3195
3478,3589
1614,2718
3716,2970
3232,1696
3389,257
3290,909
1019,1293
3074,4446
4458,1274
2195,225
2196,2934
2772,1113
4846,2931
659,1630
634,993
1736,3558
1743,2236
54,1442
4052,3530
1009,2751
4737,2835
656,1029
3700,10
2641,404
4906,3659
2102,866
4310,2992
4418,2026
2822,3238
4510,4333
1138,958
4588,383
2614,2588
2695,1808
2316,3111
2287,269
3491,4186
3340,4657
3396,3521
1366,735
4312,3037
2015,500
3007,2966
1155,1470
4037,2644
2427,1955
1443,4178
2623,1140
31,1239
768,3607
4280,4876
468,3071
2866,2056
4792,3455
287,3724
4275,712
4138,1699
2477,2384
580,2177
1929,4722
300,2940
249,4626
1834,2461
2071,2194
1608,4997
4749,1406
3654,1297
2415,3811
476,1900
1683,2400
3980,2640
1664,861
3481,626
3877,2615
1346,3949
2970,2403
4215,3221
3262,1025
1525,4371
4465,583
1773,2943
1960,4935
4845,944
2444,4354
2561,264
1861,3671
2756,4435
1195,634
3692,3840
3187,834
2751,4078
4650,4723
277,1565
3433,342
1933,4735
562,445
1771,404
864,2602
3273,3085
1870,2427
4318,1040
887,790
2037,3277
1230,4434
1140,1932
3953,4703
2343,1675
1774,875
4098,4008
2544,1182
2966,3296
4609,3677
2050,1972
3180,3028
4813,97
80,620
2055,2133
1008,2990
3593,1801
4450,4794
146,4881
4921,69
4955,3314
1560,2106
3649,482
482,1149
1426,791
4653,3749
4340,4265
2404,1401
599,4298
4343,2019
4900,3269
2103,2388
131,1311
3404,4144
181,4734
4177,396
1480,4756
591,2493
2320,89
834,1513
4439,4529
924,925
1512,781
4565,2023
730,4385
2468,4143
3571,2764
1853,2755
228,4125
2040,733
414,385
4007,2095
3936,2088
2053,737
3359,1991
2663,2597
1588,3271
3175,2665
1535,240
4057,3011
2296,833
83,3192
1076,2313
2298,1834
188,2433
1634,219
3545,1462
1381,1812
1177,4413
3160,2681
3436,901
2672,98
1146,2024
2995,3098
1125,4108
2547,4235
1098,3633
2458,2512
1063,4842
4666,618
2505,295
3572,1544
2553,3106
741,3313
4866,4082
821,936
4522,3057
865,3863
2506,3525
1359,1682
1659,3143
126,2580
3203,1234
554,804
2415,849
1314,1155
4027,4612
3595,4103
2919,1544
1508,1814
2069,1529
1808,4762
941,4476
4397,1518
1782,3589
218,1894
570,4746
943,1305
4490,3680
3924,3688
1422,4193
3448,1960
3295,2285
3103,4480
249,1174
3313,528
1877,4593
4587,2278
3385,1043
2607,3486
3230,3816
4772,3100
872,3250
2812,4811
4708,4333
4755,3486
418,2424
2834,3331
3039,4640
1506,3195
4021,2248
1580,1387
2491,1811
2362,411
2582,2341
2705,4586
787,3730
3593,3136
89,93
608,4825
2865,1355
3690,4967
3543,2397
4075,416
3265,379
209,3957
195,3468
2354,2452
2111,1813
696,465
1021,4285
934,737
3624,85
3822,3755
1727,10
4804,4802
4740,1824
2123,897
1339,4078
3216,2027
745,88
3526,1080
4211,37
1156,2374
1188,280
3611,1010
2931,4461
3800,3856
2732,3450
3633,1041
3492,2566
3342,2882
4914,1767
3576,3454
2809,1000
4971,3632
3548,4292
312,1385
2261,3054
901,560
2330,2629
1425,2465
3231,978
3678,3800
798,1672
2170,2654
2340,3742
4306,3718
2618,4936
1157,232
3180,3297
4512,707
384,3054
439,4991
3615,3673
4888,1545
4488,2367
2780,1548
1573,3807
4992,1749
4688,3386
3590,1968
3842,2077
2162,4732
2012,2499
4345,3767
3264,1725
4685,2205
334,4442
2100,3457
3156,479
4583,3071
2981,2212
2822,4042
972,2566
4769,1890
4396,4776
2482,2068
3718,4187
2014,2614
1553,3112
4530,3899
1181,2388
2484,3569
4724,4083
2890,3352
3312,2038
2999,965
3262,4228
2803,709
1123,116
3387,3691
4639,1857
1466,1043
721,2051
2376,3817
104,2899
3080,782
263,420
911,4228
2867,3629
4206,3156
1527,1666
4074,3103
326,3782
2084,2247
3787,491
110,274
3743,121
366,597
2050,2827
861,1633
1746,3735
984,763
1256,4382
3951,4841
1366,2641
554,4577
539,2986
1711,2918
409,424
879,3255
460,2996
2511,647
4991,3864
732,1150
3953,2228
4211,4315
498,1891
1600,1576
1637,4179
2934,3518
4036,3803
331,753
395,4506
3831,4821
2267,2926
1213,2165
3747,192
4579,1329
2696,3560
4197,3935
267,4958
2445,141
1794,2035
1240,2680
484,1564
993,1188
1544,4355
2817,4299
1409,1180
2793,4247
734,2660
167,4246
3870,4931
3639,56
1857,4855
428,4027
1660,869
541,956
1100,4107
1539,349
2034,4342
4903,52
3356,3926
1621,2726
4441,1277
3241,154
375,368
329,3414
4814,297
1454,3080
3076,1693
553,3538
1397,1602
3844,4589
1964,3098
4481,201
3793,4691
959,3564
2547,2632
1914,1701
2850,1152
3909,3358
4413,3372
2946,2276
3743,4231
3931,3480
2635,1295
952,2742
919,943
1305,480
1291,638
1272,3579
3640,4451
4453,3385
4663,934
1611,4658
4609,2503
4282,807
2481,2526
3121,3994
3089,1045
3594,3908
874,4308
824,948
811,3227
2316,98
1318,3654
2286,841
3055,1145
2867,4920
1396,955
3983,2398
245,4215
3357,1717
2354,2507
650,3460
573,2289
4916,506
1997,2546
1204,3343
729,4505
839,1917
502,2940
553,1668
1071,1712
660,3469
578,212
4416,2793
1250,4433
1000,2317
3508,4600
570,2919
1651,3015
4067,4461
427,2670
3112,3002
4880,214
2013,4634
600,4897
4811,3182
1446,2477
3623,81
2137,1607
730,4011
4293,3317
2577,3986
4654,2869
4645,189
605,2202
3546,4637
3038,4930
3406,3828
1721,1367
1757,1206
4088,2596
4618,4441
3637,3729
1752,3577
3415,375
4776,2555
3616,342
578,2310
2627,4844
1692,130
3720,3080
2832,1874
2836,2569
4191,2058
995,1540
4470,1009
4417,4563
2997,4441
4033,2416
1683,4338
3021,1266
1341,4367
4387,774
4584,1616
2416,106
4558,1188
521,1481
4773,1859
1395,1850
3609,2740
1393,3206
622,2865
2847,810
4129,4332
758,4322
4071,1195
2498,201
1794,2900
3283,39
1345,1095
3095,798
3553,1664
3162,1639
570,710
3052,3276
2805,4053
2834,4146
2082,4922
446,4142
2049,3886
209,4686
2013,1234
3929,1002
3662,1478
2903,739
4320,4184
2504,4577
806,1037
4410,3663
808,2878
1535,3515
2703,310
4966,4234
1587,1737
2778,4121
3051,3585
634,380
504,1665
2636,2580
1504,4459
1720,3106
1600,4068
3677,3997
1508,2558
614,2707
2314,105
787,2358
3862,1771
3658,3890
2785,1621
2447,4599
4196,4887
4041,3511
1192,2005
2121,4777
438,2315
1977,4737
585,901
776,1407
3988,3606
3397,346
2254,38
910,1489
4850,385
2423,3561
1331,559
1477,389
3623,4474
3334,1986
2196,1333
3764,4089
2054,4005
973,4400
2985,1669
1135,267
3631,1103
1027,4239
96,1671
1659,314
1951,4299
3316,3056
3800,2896
533,1724
2181,2797
346,1307
1514,1851
1628,1248
1601,1315
1513,638
2800,4538
3695,1667
856,3080
2035,2141
1284,2754
3977,3635
1182,3508
1237,1081
2291,3109
4383,4089
3921,4879
324,4600
1241,4395
1917,3413
1352,4753
3918,77
3298,4234
3602,1867
4066,3317
4861,3578
2758,4483
278,2377
1745,2803
4203,1149
4882,623
4561,4226
2764,1897
433,4012
820,2777
1881,4185
129,4880
423,1098
3535,4867
2255,3455
2670,3315
201,2937
3065,4936
4955,754
1117,2086
824,4004
1786,4342
2903,64
3552,586
1433,1209
2566,2748
3240,3365
858,1729
1892,2180
2921,3987
2083,929
2052,4927
2043,2495
822,2423
2783,1090
4684,3945
2663,3395
3366,4525
4529,1892
165,4782
266,3732
2588,1078
2052,1850
2243,1979
2635,3081
1783,3419
4743,3185
3954,1775
1681,4220
4229,3806
1376,1801
1350,1837
3809,1064
581,4146
1918,2104
4201,4408
2183,1030
1352,3370
4224,4230
4071,2928
4121,998
3494,3716
1325,4715
1509,2109
2860,4516
1831,4818
2753,1482
1880,1267
1870,2379
4259,4022
2515,3147
2108,2919
833,2518
2381,755
4063,4288
889,3377
1263,1570
4646,665
3198,1644
251,155
3269,3649
4018,4058
1853,4836
3820,1302
2653,2949
582,770
4938,4766
3093,3765
3916,1282
3414,2163
2020,1454
1798,2111
2638,4817
2436,3668
2005,1277
899,426
4680,2747
1226,1782
1817,1681
3953,2213
1513,3463
1664,2414
3666,2330
4619,541
3936,211
1094,3355
865,3626
4678,1449
1104,4451
4981,4957
1932,729
100,2363
1648,3223
3366,3153
4849,3155
3723,2501
2984,2981
3603,2965
873,3984
216,4676
1246,3726
4076,1087
3729,850
4959,2940
3594,2600
1174,1119
3858,866
3727,1558
4940,2106
2064,377
3538,653
4300,3628
4979,4236
495,4419
4784,722
988,4165
2222,317
4843,914
2215,591
1614,1562
795,1755
1181,4400
4907,3183
147,217
68,2169
1960,191
597,37
846,497
2518,1595
3450,751
3604,4183
892,3347
3931,2524
1375,3808
2747,244
2809,2295
2786,2880
151,131
2783,1448
4085,1644
526,3685
3517,2387
1741,4400
2928,1454
3552,4375
1469,4374
1544,1060
4037,3613
1372,1156
4735,2143
103,2948
1623,35
4717,3499
2185,3748
4021,3269
2727,2697
286,2599
2847,341
1939,1643
2707,2412
1945,3609
2762,2323
1121,1529
2901,1083
697,4590
4885,74
4714,4110
1089,4557
1922,2220
831,1976
3821,2672
3050,2500
2981,552
1299,23
600,3811
1118,1589
4018,610
1327,2386
3193,1357
1273,4847
1845,1137
2404,3161
3257,3575
2949,4445
4845,493
3205,2827
387,3150
431,1751
1573,4953
166,1206
1354,4425
1421,4940
2442,4852
4247,3636
1589,1914
23,3358
584,4968
2188,4866
3073,2548
1104,3943
1016,3841
4173,716
711,424
1633,2439
3098,834
146,3536
3012,2948
2320,3751
2458,3438
3050,3986
3596,946
1914,2321
4779,4702
4873,9
872,4102
3333,4780
1999,1391
1191,4275
2100,3044
3970,238
2866,621
4343,4904
3499,4192
3702,3852
2664,3733
1602,1160
4866,2843
4987,3633
4795,1935
471,645
1993,3835
1107,3380
2701,3950
1411,4911
3788,1516
4943,53
2473,3316
2889,4477
4376,3496
1520,4484
4793,4666
4611,4243
2237,4778
2775,3440
4821,263
3609,4203
1935,1897
2536,4801
4984,4710
504,2114
3677,4426
2661,2445
950,268
4304,2680
3914,1637
3633,713
1477,4773
621,3480
1869,151
2139,4070
3549,1169
3512,894
4555,964
1955,1386
2639,293
4113,330
3417,2459
944,2989
3332,1030
2161,966
1046,4528
4136,1894
4625,532
1778,2451
2074,3701
1331,4097
706,1013
538,776
4414,841
1651,1535
4936,3193
2733,1818
2983,1797
2109,3249
779,8
1176,3475
676,3509
1150,2013
894,2048
3155,1496
2568,3150
4319,2455
4710,2334
2577,4406
1170,520
1463,358
927,3406
4188,3374
2165,3945
133,4365
273,2051
529,3716
581,136
3965,4251
4876,2766
4560,2774
442,420
2192,4415
3368,1807
4304,3492
3769,3789
4884,3422
599,1137
2372,4170
514,3519
3601,554
2709,625
1673,1455
4530,150
4370,2226
1213,3544
4950,940
1708,4947
592,1280
1979,782
1514,3429
4673,2769
4065,2531
1866,3030
1943,91
3438,3026
2692,4100
4643,1876
569,673
3904,4410
3768,1220
904,3567
1698,2064
4713,3592
1165,1189
3697,3143
617,2902
3802,106
822,2974
1785,3721
1310,4806
4583,4381
1182,2576
4640,3836
2185,823
624,367
1961,1883
3657,4860
3233,577
4768,4679
1538,856
4570,1142
1134,4798
3045,376
4217,4715
2586,2747
848,431
3645,1882
2576,1445
689,3823
1165,4662
4820,1070
703,597
83,1098
1033,3387
951,3614
2719,50
258,3027
4393,2610
3784,1158
663,4379
3614,962
1176,1363
4745,3956
2054,3024
2621,386
2663,583
3084,2637
2937,303
1927,555
3423,1879
4942,2932
531,652
497,618
98,3018
2177,458
2031,360
4801,1276
1908,2350
4888,1333
4898,2487
4198,964
4345,432
517,3004
209,720
2523,2220
909,3366
3707,551
2396,4705
137,2377
3963,1269
591,2718
3725,1704
2429,947
1034,781
3995,2578
3864,391
1615,1685
4525,1879
3901,2409
2701,3112
4992,368
852,2920
690,857
3908,866
2704,3402
3886,2914
2926,2038
1237,4879
3600,1906
3414,71
3418,332
4779,1559
4815,448
428,2461
956,2808
771,4340
1832,4182
3051,4667
2797,665
1574,412
529,4007
2252,2809
1444,3839
533,311
4826,3466
3572,924
828,863
2784,144
2767,3438
3925,416
4889,1960
928,2292
2398,3151
2014,816
383,530
2456,3799
4771,116
811,2189
2423,876
4765,604
71,3086
4559,2379
167,3545
4794,4381
2258,1262
2443,792
3438,1535
1843,1952
4265,473
1811,4817
2656,4499
4349,151
828,3305
648,2138
2078,4318
2258,4089
3737,2787
1253,4358
4624,2465
2358,3586
1246,3768
2011,3478
1923,739
1719,4240
7,3528
2979,1560
2165,2903
4639,4635
4000,3074
4301,1855
3565,3131
4904,4744
1909,4904
434,1697
1118,491
3463,4416
4765,2647
1772,2206
3661,1505
4002,388
2607,4781
1072,4284
827,1906
3858,2392
1664,1936
4237,2851
1372,4167
2594,1005
3984,1451
4695,4135
553,801
988,3450
3055,1937
3206,2558
1211,4783
2952,1808
2235,219
1209,1638
495,2954
4512,3606
1148,4771
2659,4548
2921,3107
3328,3381
4239,1769
3223,3626
4410,405
1525,2489
938,2470
381,4614
4516,1813
4275,587
174,799
2657,2981
2257,4285
906,345
3670,233
1884,2831
4635,2505
3998,3675
3188,1430
3470,3355
209,3943
1319,4878
2898,3776
4280,1515
2881,133
3794,1576
3572,158
639,3949
2937,182
609,3116
64,4333
3337,1622
3023,3895
2598,3184
1225,2848
3097,4933
1052,414
1545,2067
2898,4834
2925,3361
91,4513
3550,55
51,3592
87,2212
4747,2311
3678,803
3998,4490
4752,1316
2351,4167
2437,3538
4277,2553
821,3293
2352,3380
382,2950
4576,193
1945,2547
709,3652
3912,2491
2686,2059
4502,4702
4029,4695
3659,2511
1880,4905
1597,3433
326,152
3060,1210
2317,2162
4023,4636
1636,4919
2840,4810
132,3935
1351,2684
592,1839
766,564
4525,1683
1748,587
2007,727
4783,674
3988,1910
2946,4511
3513,4030
534,4544
751,4264
3117,4956
1258,1160
1644,948
2531,2128
2021,1450
2534,663
3355,3275
828,1236
1221,3950
3066,2453
2925,32
3584,3410
3029,278
1794,937
2866,963
3690,815
4608,2042
4465,1929
194,2529
540,736
3011,2862
1425,2318
1387,2985
3069,4864
1055,2159
1899,3765
188,995
1349,253
1720,1030
3964,3764
3347,160
3920,4644
752,4273
1024,2187
1096,2814
4936,3384
513,978
275,3894
1401,2609
423,4416
240,4520
2371,4089
4133,72
2004,658
3688,180
3669,3834
4751,1987
3209,2833
1977,3773
1011,2976
1493,1338
4242,2473
4001,138
138,1296
1765,754
1158,4217
3493,3006
4819,1771
2845,2284
3133,3981
466,3250
2907,589
1423,1922
2554,2421
808,648
3127,2106
3628,2960
2863,2143
3278,4769
1397,4512
3616,447
363,1055
2997,2999
973,2511
2869,147
1271,4764
1515,894
3433,3046
93,2048
3796,3784
1081,1679
1748,4508
4687,2936
2137,4865
2423,2651
4465,1639
1441,4714
1873,3122
1316,1312
1253,1189
3888,1997
1876,4387
1588,4525
4984,3760
1903,1077
934,4081
2320,4028
1444,4182
4083,246
4297,3090
148,4389
2227,3956
3652,4329
3663,2802
3144,747
3339,4141
3085,1131
866,456
575,2149
119,2841
4710,2733
541,4978
2340,1355
4516,3681
2789,1198
4268,2296
307,821
3615,1984
1082,1316
4195,3846
2133,1378
1817,2482
218,1492
632,1375
2911,4826
4206,4668
3524,4054
372,553
3321,3785
3707,3859
2138,2270
596,1081
46,2118
712,3458
330,3308
1782,3576
4954,4279
1796,1699
4507,703
354,3564
572,1236
3417,2569
590,885
1042,948
129,1144
841,4783
2490,4927
1110,2792
696,240
785,2479
3002,2744
3665,3916
1347,1439
4186,167
847,4517
1730,3660
2845,4881
2837,3889
2596,4867
1277,811
353,1302
3389,2149
3043,807
1213,607
2028,1163
4277,2173
1471,1002
3128,561
976,1840
3713,3848
4454,2517
609,167
4118,4599
2565,1756
759,2885
2908,2270
2566,2992
4616,3589
3606,4837
3151,950
4043,3968
4286,2136
4794,4524
236,2829
3932,1917
3015,3915
3666,596
724,2764
362,1913
2547,3382
2418,2346
2743,1776
4613,2102
79,2550
264,1765
2425,1106
1410,371
1232,4031
1139,4316
4342,4110
4791,655
371,3449
3388,1830
1655,685
4818,3152
1848,2125
2255,3277
3484,2911
1727,1625
2863,1272
3776,1420
4241,1925
3141,1238
1968,2806
3943,4684
1850,4984
293,3220
4318,3579
2801,1778
3380,605
4068,1155
4868,4809
1729,3054
3932,3942
4185,4328
3365,4571
2262,3308
4917,2295
134,1595
306,3126
2245,1437
347,1871
1327,3762
882,3244
1400,534
3165,1135
2265,2304
2672,2780
4305,3882
2523,1055
3481,1423
1119,3881
4776,2875
3792,4099
3476,4042
4370,4261
2587,478
3905,3275
431,2208
1026,1393
2503,4855
913,16
2326,1414
2954,2148
1449,1375
246,254
4898,2746
1330,824
4051,2207
50,2192
3560,3604
1380,1904
3514,2597
4403,2319
3175,4217
2607,899
4298,1570
2997,998
2370,2683
1208,1147
2683,2882
3110,3100
4984,1925
730,3924
599,4084
963,1847
1797,656
2051,2003
104,456
3053,4148
4008,2525
1233,4918
4552,3559
2792,4811
2246,3663
1475,112
4202,3516
1690,3844
697,4704
27,698
4363,3399
248,2320
140,3642
4681,2171
1517,834
1134,3424
666,4565
1694,4432
2821,975
921,3888
2452,1278
1619,2620
4690,2166
4900,4252
3135,1903
2740,4609
321,4176
4145,610
3237,1859
660,4146
3289,4097
400,2502
2494,1630
4894,2977
2800,1092
4112,663
3374,1523
4640,2617
4786,1609
3883,1859
2596,2527
3807,820
1927,323
2019,3418
235,4599
432,352
2723,724
97,2922
4559,764
3694,312
939,322
1104,319
1157,1154
4213,653
4776,8
4267,2894
1582,4953
4279,256
1085,7
3222,3607
300,1178
344,4429
3719,952
4443,2012
4079,2689
400,2554
1080,4253
3412,1298
4419,1713
3930,2868
1954,2821
1128,181
2760,534
422,1650
1505,3342
1312,2773
1514,2928
1763,3688
3074,1933
1781,4858
2373,1002
888,3448
3738,3256
3686,2620
3920,435
21,2322
3483,1150
1820,4950
4466,2996
1336,3592
2730,1679
2430,4124
4311,205
452,3509
1026,3939
1198,2603
127,346
2472,1744
3719,252
1565,4276
3311,1840
3770,939
3944,4142
4131,2832
197,1939
3432,2640
2603,2491
2298,3661
28,1291
551,1643
3199,838
3539,3666
881,2018
4918,4979
1587,1713
139,989
612,4596
2628,2465
2253,2799
3254,2019
2975,4529
3533,305
373,1789
1228,2213
1348,2469
4942,1958
4844,3259
2957,3855
3710,2786
1830,1887
4652,1840
625,4723
283,697
1023,1819
3307,4394
4222,2694
670,2093
215,314
4519,4230
3829,2104
3704,4292
1508,570
4457,2682
3287,1367
1874,2081
3617,1484
1160,2869
3804,3812
856,3273
4102,1134
3873,2458
394,2903
4557,3647
177,4740
654,4593
1578,527
1686,3613
1501,3558
588,1976
1654,2929
1650,1363
314,3066
4054,2130
554,721
2656,4550
2824,1700
543,3283
4779,3926
876,822
1717,744
1844,2355
1142,4625
3981,1804
641,1665
4356,3467
2228,2114
1775,3183
3739,4852
1342,2949
182,3682
1474,4946
1893,1683
27,2804
1899,2442
980,699
864,2626
1628,4228
3200,4632
337,511
2821,4071
3396,4005
3700,1704
2228,2710
301,4740
1728,4346
360,3886
3314,4797
4428,679
3352,2902
728,1673
4637,3179
2048,945
49,3074
3984,2349
2179,2553
287,2098
1618,845
2207,1878
3372,1790
3366,4897
1212,4079
2531,2735
2735,3500
3478,4030
1940,4528
1958,1569
4973,596
1078,1899
691,1397
2655,3752
2796,479
2341,3041
2456,3858
463,2153
4603,186
638,1374
2796,228
3755,612
3937,2035
4657,4723
4535,747
3064,2445
4393,899
4668,4850
4556,3715
4163,3308
4145,330
4013,3500
2149,463
779,64
503,2832
1221,1891
2949,4852
4893,3850
1870,2399
1727,3584
2129,1701
1973,1138
3685,4683
517,3249
2771,2704
2909,2
1351,1953
3013,556
65,173
693,3091
1559,3053
1990,2267
4633,1138
1057,2747
4164,2005
4827,252
637,3050
984,93
4917,1330
2772,697
3123,2042
2255,1936
2565,814
229,3388
193,4655
1311,4867
2687,4271
2045,1533
469,2646
3986,1916
3437,4816
895,1128
3448,810
1684,4116
4006,814
219,380
3556,359
4303,1147
1941,602
730,4658
1943,229
4473,3220
1756,1769
746,4778
1146,2081
1313,196
1120,1214
1190,4653
1794,3845
2407,1200
526,1272
2260,2710
3975,3961
1113,4680
217,167
2908,4108
4117,2185
2431,4914
931,834
417,3868
4526,1364
1565,1738
984,1625
890,1829
2711,3069
2555,2343
4367,3701
4160,2634
3623,1040
3394,313
937,3402
1270,4669
3370,2331
4621,4255
767,66
441,1398
3134,3814
2184,3517
1902,2910
3894,2562
3931,882
1969,1984
1350,3474
4506,2944
1303,3800
4543,1161
4680,2951
991,3505
3571,4126
1928,202
276,340
4423,3551
2607,2000
544,1603
3803,1270
667,1282
2837,2375
2830,2054
1139,4157
876,4795
2097,1417
917,4981
1784,3720
2815,3626
2369,2110
739,1029
4727,830
1837,3341
3525,4154
210,1803
1784,1500
3990,1452
2607,3293
201,717
547,1142
938,264
1327,1508
3033,1554
272,2338
3002,2656
2178,686
979,3121
2804,4469
4078,3876
2329,1543
2349,2600
815,4618
18,826
2250,3213
881,2771
3095,1141
4959,3968
1954,3606
3261,2718
2339,2839
4043,2457
3529,634
3217,4055
4208,1532
2091,4333
3061,2583
2656,1888
532,3802
3262,1413
1734,856
4510,2423
3843,3703
1559,4186
661,4118
4818,2324
4749,1508
2870,519
3853,2022
2667,1821
4683,3833
3605,906
1248,1564
2036,2242
1456,614
13,2358
2799,957
3699,4503
2797,1323
481,4206
1859,1352
3441,93
3399,447
2240,1329
3015,2393
521,62
4925,318
3745,4787
2254,2757
4914,2750
4739,239
614,51
1162,2918
2590,2998
2425,4784
1455,663
3541,4897
1107,132
555,138
4798,1867
1367,2200
3609,3636
4513,4944
472,4561
4718,3614
1281,1338
1054,54
1786,4575
46,653
52,3140
1171,246
1332,525
1611,3505
342,471
3351,4130
2818,774
4660,2585
1044,4438
1917,3958
4465,1150
4586,3860
2348,1788
2001,4887
1638,1842
2986,4573
1896,100
1867,1076
834,1279
2121,1903
3238,3727
2257,1384
3437,1671
1420,2344
1167,756
2006,3259
2876,3911
1160,2098
352,534
4017,326
756,1074
4977,4203
3776,3637
2149,4769
2580,3489
2753,2187
2895,4006
4057,1491
2169,3893
1742,595
1919,2123
3519,617
214,4513
2605,676
1183,4770
2115,2264
4538,225
4881,478
2487,4962
2480,2328
919,2224
3222,772
4794,3046
2014,1412
3729,886
2378,2838
3133,737
4349,3506
1125,4755
3041,4311
3920,730
1393,4392
3816,2723
52,4352
3276,3096
3855,4448
397,1865
4227,2592
4215,1057
3620,3889
1460,244
4621,225
2571,3485
4015,3291
1782,1559
3940,3478
2469,5
2848,3559
875,3267
33,964
4789,2657
2893,2514
4643,3348
3237,2190
1158,4485
3775,4071
2573,1469
2595,2134
3081,2580
2973,3370
2690,2455
3982,963
3043,2741
2731,437
3319,3190
1628,1376
915,3116
1719,899
1398,3720
2541,3183
3281,2359
2712,3098
4291,3615
1374,2918
2682,1454
1180,52
2199,3380
3695,3194
3917,4812
1075,138
2748,4978
4291,1743
4287,656
3404,843
747,751
3893,4650
1134,4059
2833,4164
1292,299
178,1363
3355,4179
1699,411
4515,3323
4321,2363
3039,4088
2486,4791
2056,3391
3351,1712
3929,3296
1653,2422
3263,2278
3546,4558
238,253
822,2970
3271,793
3855,3978
691,4106
2519,4599
1110,4409
3165,4750
3639,4000
4178,2917
4667,1560
3464,4391
2506,1369
3917,2807
3051,1020
1164,4574
2839,2520
25,1472
1966,4846
4679,127
952,3350
3817,1565
634,3744
1673,2534
4986,2508
712,2978
1748,2043
651,3720
2134,3286
3287,4361
4620,649
3081,2299
1744,1095
528,2215
1574,1059
1891,4491
2949,2566
4406,1618
903,4319
2102,264
3768,897
3138,297
1131,1947
973,4835
1693,1078
439,4574
3792,904
130,1572
45,4886
711,3096
1549,171
4644,284
3530,4872
4152,3220
3656,2200
4166,2380
4213,217
117,4987
2238,4555
1369,4485
4516,4881
1469,4615
724,1795
574,482
15,905
3091,3962
1314,1711
1506,1882
3695,2777
3946,4785
1764,1960
722,4978
1155,4973
2311,4279
4897,2959
1401,1967
4025,4709
1876,2236
2827,3675
933,2657
3627,4208
4278,3337
3602,1588
842,1136
1950,1560
2945,732
1378,2573
3093,2923
1729,179
4569,3271
1930,398
1929,2176
896,1618
592,776
1931,4378
2217,1270
4971,876
586,4865
43,3935
774,3436
2831,1166
4987,1181
775,3528
2889,813
3117,1230
2136,3302
714,4572
4351,2750
2740,3630
3691,1683
1780,1505
3065,226
2742,4
1722,3446
3409,2501
2967,3230
2624,2695
788,4872
1639,3728
4505,0
2881,1836
3097,4715
3290,4536
1048,527
52,1075
3651,1332
3852,4894
533,3499
4703,3453
1990,4046
1245,4144
4958,2054
2376,4246
4530,3866
282,2890
4022,660
2278,3856
3451,3730
4909,2841
1032,3581
2313,571
2229,1782
2320,2688
1415,3573
1671,4117
2809,2294
4984,3949
3694,1700
2615,1007
2286,3625
814,4630
3381,4605
3090,717
1705,2458
1078,2576
224,410
2384,589
362,1834
873,1123
3204,279
687,1043
4490,1205
3125,2745
285,2188
4258,289
1739,3381
3256,1402
3499,3309
3883,866
1669,186
2059,4718
4049,4837
69,922
1874,3191
2918,1738
1064,923
942,3278
4517,745
26,689
986,4672
2891,2164
2676,4606
3121,3922
95,3413
1808,2061
3994,4304
759,847
934,1787
4745,2060
3411,2056
3981,1320
1350,4624
4366,3789
3455,3744
4536,1426
1391,3717
2834,1302
3233,1158
2341,3277
3498,1284
4558,2574
3597,4297
1321,1690
904,1520
1682,1845
214,82
97,4348
3393,984
2977,4256
4489,4828
2874,1129
948,907
3023,3661
1911,2114
4328,4393
1893,3378
1277,1038
2511,724
2848,1929
2925,270
3029,3444
3023,1883
3860,342
3387,1749
4194,1239
766,1254
3650,3156
532,1986
953,192
2273,2169
4644,2292
232,263
4169,315
750,3842
3712,4225
452,1486
3067,2579
1695,3806
1969,3490
4850,203
4719,4941
1666,2489
4873,2823
837,4
4310,197
1602,4178
3788,3180
3316,4891
58,3184
1144,2819
211,2481
4525,3472
4438,2769
3328,1970
2651,4931
1609,2579
745,2748
3474,1702
762,2314
4395,3183
199,302
652,2930
4605,1920
2512,4017
1331,250
2829,1747
3748,4300
4107,1943
3852,2661
133,3657
3945,1374
2761,4757
3635,2259
2098,1303
2614,3402
3296,2703
1335,1342
3700,3130
4214,3093
4208,1024
4715,4023
3189,3506
2655,4385
2782,4052
3831,1491
2960,519
3078,2973
2981,1887
4732,3838
902,543
894,113
1014,840
601,1850
3802,4899
3989,1701
327,3943
2352,4016
4644,327
4415,4240
3455,2006
1656,1848
3817,3516
2119,1529
2381,3854
315,4915
542,1282
4694,3653
1279,3954
4890,1964
1188,2258
1378,4919
4406,1383
969,1572
4378,2653
353,4802
3081,4933
3956,1307
234,1605
3274,858
2940,3308
2616,761
1994,2680
628,2426
1740,2479
2177,1185
1347,2772
3539,223
487,481
204,1902
4904,4542
2878,1535
2503,2322
66,4410
609,206
4163,124
1775,4384
1878,836
4390,3529
138,3122
4380,1520
3663,916
529,3817
4442,126
2471,3458
4176,166
1367,4347
2771,1855
1868,3915
1777,1935
332,4183
1151,2861
1726,4183
2431,922
1065,4686
4664,204
2105,2681
1446,434
3592,2847
3900,782
2660,2744
2416,4831
2892,2170
181,4048
3916,100
4670,3577
681,4516
2583,3630
957,3788
1089,2766
198,4022
2066,2463
3010,4206
2417,1321
3135,4506
3018,4206
2170,3557
225,2363
2271,4078
4298,994
1358,4182
2670,3776
116,1412
1450,4941
2648,816
2598,4135
2569,3194
1492,4392
1942,1375
4515,4095
2846,392
3467,1426
1537,4984
1739,1598
4447,2102
4224,2874
3637,2135
4453,1981
4175,1596
4009,1912
1768,440
1713,3736
1970,3446
2229,4143
3352,3591
3994,4047
2715,705
2244,2441
537,153
3410,2183
3204,599
33,4493
3924,3732
4899,74
1345,2504
3180,3
2756,803
6,3333
1140,261
443,325
2627,2311
2631,542
1436,2538
3237,1323
1091,40
4884,3609
4121,1446
4172,2670
1331,1070
849,3034
4702,5
3083,3528
1995,151
3615,658
3606,4693
2685,4967
1825,4636
1744,1300
4234,3677
2396,1279
2195,3407
2339,631
269,1479
4867,916
2683,3528
3090,3902
738,1950
443,2565
429,3985
3386,3488
3366,3443
1884,4045
4437,4596
338,255
1426,3243
3639,4205
279,1671
1753,748
4806,3202
842,3491
1037,2765
932,2104
2838,962
2392,737
3824,4121
4067,3130
827,2213
3138,1150
509,4342
1020,3083
2182,2297
1382,1868
4428,3564
2338,4023
4462,2245
3837,2559
4452,3237
2830,3306
3596,3714
2943,2413
3555,877
4275,3499
35,4430
3459,3851
1740,147
3106,4148
3788,306
2363,2517
2824,995
65,269
2305,4208
3899,1205
2685,3929
4717,4860
2608,4052
3514,170
409,3758
3971,4637
1769,464
2384,698
4569,4218
4532,2601
542,867
2673,134
2994,4480
4830,409
3981,3145
310,637
1641,1592
1490,842
594,4611
2815,1608
1454,179
2238,1752
4177,14
3203,3922
2331,532
628,2696
4515,4237
4201,2449
938,1836
3004,2328
4719,2699
3480,4561
3853,4572
1438,986
2526,1722
2660,2137
611,3337
3782,3577
2161,2107
1387,285
2413,2760
62,4327
722,4283
484,4564
2029,2021
1852,1375
2106,1712
2731,129
4435,979
4688,1261
3624,4404
790,4357
144,4925
3533,4245
327,404
2074,2542
478,2383
2662,462
1172,1365
4409,715
1009,708
3536,623
3598,4419
3658,3468
1685,2060
1112,3401
2527,4804
4279,58
604,2868
1415,3604
3362,4701
3707,890
736,111
4843,3506
2975,606
281,2739
3265,4906
282,2795
877,762
1122,832
1065,931
417,4480
2690,343
479,4702
4034,976
269,4753
2580,2863
3294,4996
2486,2879
1036,2547
3260,38
4407,3978
2461,713
1783,3931
952,4232
4212,3021
1586,175
3422,2336
2575,1624
4667,4804
4134,1727
1139,2945
352,2816
321,4306
3420,1018
4409,504
2341,4639
2354,4596
4570,845
1375,3392
4347,948
819,2491
4571,1344
4007,880
3656,3067
4055,4144
2230,1436
3940,363
4036,3156
27,3225
902,2116
160,156
3601,2375
3764,178
581,2660
3072,4769
3705,1083
4699,1667
913,4526
3907,227
4634,1809
285,1792
2545,134
4575,2660
789,2722
4298,52
2399,4916
4536,2458
3273,2905
670,626
3251,1976
3501,4660
4929,1226
2611,1672
3164,4743
3482,2609
4951,4991
2743,560
4869,2542
4352,2513
2694,2766
3500,1703
2963,756
2501,782
3292,3741
3059,4360
1321,270
1039,2137
4432,1875
1327,4655
2202,1966
4986,2570
2212,2478
1400,3254
826,83
3280,4466
1856,1140
1036,4830
1562,3157
867,1333
668,1353
2804,4606
4078,1195
3295,3830
3043,3574
3141,1289
1137,7
1516,214
3332,2486
2819,4414
2568,2535
1880,2385
3863,1205
732,1499
1081,3446
2799,1652
3065,3996
2824,2754
4336,2094
4584,971
4210,1208
4896,2229
1503,427
4273,4981
761,2623
3531,2719
238,1723
2264,835
3124,2051
1961,4811
4417,3704
2555,3676
2233,2159
2438,53
4305,175
1239,4956
2655,1126
3861,901
1493,4723
3173,4909
1152,3153
3822,1846
1181,3162
2131,4606
3224,2245
3278,1786
2286,4700
4503,339
2555,678
3987,1782
4398,2590
3376,1502
557,3555
3038,2100
4672,851
4874,2820
1023,2842
4543,93
1277,2534
918,158
4177,3576
4085,4184
2728,1484
4347,4553
2301,4663
1295,2466
2275,2394
4633,4982
571,3571
1510,2080
1598,51
3578,2657
2993,126
4095,618
3123,2386
1753,997
1516,901
2873,2539
2335,915
910,2121
476,2302
3342,3306
3950,1819
4029,4750
2073,3279
4369,1713
1736,2917
458,3197
313,3749
4373,2897
3128,3671
1552,2674
204,2809
3644,1249
1018,1625
1158,470
3281,1425
2372,3437
1054,4624
1253,232
52,2692
565,224
4851,3892
1546,455
2989,2491
3047,4307
1916,1554
3434,4604
879,2268
4963,2860
2746,3376
717,2813
2900,1686
4312,4546
2158,2186
3464,3765
2037,3248
946,1654
2070,1586
1202,4352
4852,1085
2232,1707
3834,4099
1426,3912
1283,2228
3876,982
474,4844
2250,1020
3519,2811
4894,3765
3518,547
507,1780
1154,1971
4910,1098
3919,3431
4271,4750
38,2661
1521,466
1637,2235
4131,1850
1215,1184
370,3671
3194,1327
213,2628
1315,190
1136,2474
4525,156
882,4662
1322,2811
2897,3515
1919,2605
4607,749
3698,2379
518,4780
3120,259
3368,1310
713,4345
1106,3444
2649,2202
1891,3907
4560,3868
1811,4462
2932,2128
3812,325
4469,3347
4621,4584
1435,458
2689,597
2544,2229
4770,227
1051,2601
926,2597
3001,202
4167,4990
2163,1868
1567,429
1624,3786
2045,3437
3933,2693
183,3064
1866,4651
4389,3585
4613,617
4041,629
535,3036
498,3671
16,3787
4510,4472
3378,825
431,4656
1089,4046
4819,736
2814,2735
1445,4025
1055,4465
1435,33
2706,3666
3325,1000
1256,3672
1900,2884
4958,86
4691,4210
1829,156
2317,3709
1061,3824
2498,1579
4929,4701
846,4181
2622,4542
3069,459
4918,1268
3396,2165
4493,184
3515,2284
1374,1358
1086,3265
4123,3907
228,1812
4123,1766
733,4631
654,2074
2331,4778
4944,1665
4565,252
1576,3698
2179,564
1094,301
1635,4208
4195,4437
665,4383
2285,2984
771,3461
2687,3567
1107,3794
3821,4245
1210,1481
4547,3899
1700,1214
832,2930
2000,70
4680,4458
673,591
2952,560
4887,2491
3372,1607
4050,2622
1283,2537
3689,3508
4700,2552
576,1095
1202,728
68,770
2589,859
3817,1915
2077,1803
2701,1166
3795,4006
700,178
3267,2299
3582,1604
1909,2145
3762,1262
3136,1842
4491,2514
2731,1364
1843,318
388,1846
3978,1600
3700,1682
4113,4038
3751,2114
2261,2152
2704,1483
2218,1063
4880,3556
558,3262
4597,1400
1180,3651
2150,556
1556,1144
1371,2051
1782,1733
4700,3667
1797,3581
1094,2315
2099,4770
4017,1015
2577,4094
1363,3281
1878,3654
1042,3521
915,1641
595,4530
343,141
751,2740
563,1924
4390,64
3596,1102
518,1056
3175,1424
4951,4641
3228,1056
2877,1953
442,3113
4232,3917
1491,2598
961,3426
2565,3292
988,4803
4945,3421
1513,1166
2200,4380
3687,3681
3551,4911
2978,1288
113,2561
498,3042
1124,4337
4300,3701
2867,3140
2803,3224
2577,2200
3054,1124
4660,4942
3345,3859
3805,2193
4827,2211
3657,1991
3015,948
1389,1752
3906,4863
3272,940
555,4108
573,2265
2508,1149
1516,4920
1220,301
1250,1111
4708,2829
2981,465
1735,1535
1506,2580
1976,3577
4004,637
2532,3852
673,908
429,4893
411,4870
3271,2571
888,3365
4402,1306
2319,4636
2676,225
3020,3369
864,3831
4842,1763
4040,3641
4252,1283
166,484
2422,389
431,4262
1886,1783
4438,4765
4499,2363
2513,4765
2708,2646
2260,2630
1253,977
675,4240
3503,3718
2829,2402
4887,722
1152,1226
4370,4036
1087,2582
1702,3399
800,586
3210,2911
167,2107
102,1524
2906,774
4022,3362
760,3075
3779,803
3211,2748
3608,3553
1766,1151
394,4398
1119,1060
2207,2913
2590,4845
4019,308
2386,2819
510,853
4263,449
4170,3392
1175,2065
2889,4661
4871,824
3997,4219
1956,2002
214,488
868,2896
3854,1617
3506,1077
3609,1177
2361,2282
925,4840
514,4758
326,3237
2715,3807
904,3791
493,1451
100,1469
1446,2043
847,3673
4966,406
2251,2189
2099,1529
3664,1570
69,3081
797,1142
4574,2463
1639,4011
4283,799
3621,1171
1730,4367
1103,727
1430,4887
204,4726
3101,553
3935,3048
2668,1129
1315,4909
2774,1226
2690,1862
4064,4320
3269,1241
3920,2412
4039,1774
898,1398
4415,819
384,414
2110,1952
4428,56
3356,3459
3428,350
1005,3473
4442,3411
4672,762
3228,2548
2745,1201
2755,4045
4027,2182
2851,1570
2304,1306
1336,4013
4564,579
2299,1671
494,4639
419,1449
2325,4809
1723,385
3468,1082
393,2035
4374,2309
3650,3075
43,962
2021,1683
768,2353
2996,1959
761,3485
2024,1611
3253,1404
4394,4675
4475,2742
2354,3824
1055,2199
3012,4204
2166,4114
32,4077
4153,4920
128,4662
3358,4429
4841,3385
3203,627
548,434
554,1168
2427,3057
333,405
2549,1703
1496,1542
4803,3017
1346,739
1153,1494
474,1003
4162,3641
64,3073
4793,2648
2081,1898
933,895
1292,359
3814,3288
3188,797
1826,1823
1853,2832
3947,3795
4657,4820
3579,707
1481,2731
236,4014
4189,4194
4944,2617
590,3375
575,4442
330,2749
677,4642
3278,979
582,2942
3910,1023
710,3473
897,343
3268,2207
2280,1860
2839,2842
996,3199
828,3050
4218,4391
2023,2532
1378,2951
584,3988
320,1710
611,2552
1630,3630
3007,3601
192,2406
201,2288
2055,3609
842,1946
521,2727
4486,1300
503,2640
1958,3024
1870,2581
232,3871
609,3782
1264,1223
1316,2660
3958,3966
2723,101
1801,2972
3452,15
3034,2767
1492,498
2692,4413
4427,3699
2807,334
3466,782
2788,4091
1980,2007
3808,2521
2273,3466
2808,2587
2663,2460
4401,2940
2363,4235
91,3865
1409,4740
3050,3465
186,2245
4293,2833
2441,550
1552,4985
1686,2815
598,2319
2835,4691
1889,643
1559,3408
4678,2903
194,1280
3899,4902
427,2803
2712,2429
4340,3863
596,8
3431,4279
789,471
1997,4892
4782,222
1693,1473
4997,4990
4589,34
4369,551
3942,1337
3149,937
3750,1036
706,2566
744,1956
497,2165
1298,1118
1013,128
1612,4481
3515,357
3822,1263
2624,4209
2261,3276
3729,1458
2683,3707
270,135
4035,4796
1659,950
3624,2225
2051,3464
3191,153
162,3239
2688,2440
237,4143
4571,1648
2177,4331
4854,4067
1370,2701
4984,3703
2227,2724
145,1768
4076,2067
3636,787
2134,2283
4342,4285
4594,4554
2912,116
4442,1179
4855,291
2619,3042
3672,3122
4023,3227
4031,633
3796,670
2318,1292
2683,2273
1239,789
3746,1502
3917,1132
3326,3616
327,4555
941,2342
2180,208
1335,4268
213,2348
2745,4863
1506,440
1223,874
2707,6
401,58
4649,1214
1298,2345
1627,2396
1080,1297
4653,152
3863,4409
4816,331
1313,4093
4517,4047
1027,4885
3302,3476
3185,603
4301,544
621,1074
900,9
1478,3583
4284,3182
3958,4866
993,128
497,1764
4873,1122
190,3918
3204,2038
4125,3245
2556,1201
947,3462
2452,3725
496,4637
2873,1369
3053,3525
3267,3895
1358,4864
2512,3060
34,4604
2731,2200
471,4171
4941,4707
1381,4546
3670,2137
886,4820
3501,1658
2956,2060
4803,2966
1714,3645
2280,2337
1348,3822
1217,191
2376,3218
1976,2372
58,1264
3003,1693
4230,3981
84,4934
2921,4715
2704,893
3928,3679
3213,4780
2344,2844
4676,3096
1346,3219
4908,1252
4583,4811
1950,3943
1020,4941
3160,1515
3983,1904
1787,2511
272,709
60,2532
329,926
4271,2798
4372,1085
3124,1907
2250,857
602,4583
114,607
1878,847
1844,1508
2151,3358
774,2648
502,4494
601,1861
4880,537
4968,2067
1016,4468
1685,1315
807,2603
3797,166
277,4480
4280,4482
3296,4120
4342,4973
2569,3498
4870,4662
3025,2177
2538,1405
4142,2679
3559,1005
2458,2173
3525,4241
2242,4979
2665,431
15,2298
3901,3298
928,936
1274,2591
932,3178
1619,4390
4224,2513
4298,3167
2236,4515
4126,3739
1578,1342
4885,374
864,534
3388,3314
383,717
2690,770
3107,45
278,4889
4025,3356
1385,3839
3203,2946
1442,2246
2905,1800
4925,1747
2127,2922
1382,3770
2520,1280
147,4524
3583,3481
254,4554
3105,3762
1862,231
1256,3491
2612,1681
3939,4113
3134,2818
1071,2035
2672,3460
2742,1042
3487,4167
4064,3567
3842,993
298,3399
2766,1940
4929,4137
2203,562
4197,2815
1170,4446
2313,2650
2359,2430
3725,356
2316,3386
1201,278
2359,1834
2588,2310
2240,148
2906,359
3304,2176
4983,1926
1268,4855
4896,2920
3622,2594
3075,4697
4800,2033
573,84
748,3029
4199,722
2808,998
1871,1044
1755,3196
3789,3040
1853,1887
261,2266
4034,2664
3929,4715
2884,2238
1361,3113
3926,417
4818,632
3095,1266
416,3977
2790,3389
4,3012
3543,3532
2831,1906
1571,4548
3279,3575
3465,3877
3642,95
1222,1180
3974,4875
4788,1402
2808,1332
692,4109
1543,547
4460,425
4976,4949
4091,1783
4153,3813
4747,3889
3972,3593
3910,4959
4587,3430
3622,2465
2936,4908
38,4337
2076,4641
3716,4889
393,344
1654,1535
478,1702
3328,1157
1919,2429
3488,2852
1863,3521
1208,3494
4639,4098
4602,3734
4188,333
3727,243
2294,3271
847,2665
4187,859
2277,1079
2557,3239
4310,184
4414,639
833,2600
2846,4001
1987,4401
268,1467
407,2596
3362,2014
1248,4260
544,4137
4185,2475
4204,551
1689,4751
3244,1774
544,4521
1151,677
4579,943
1477,4490
2700,1977
3913,4185
4834,3530
1075,2382
1398,90
4228,3337
1914,1841
1623,1664
77,3299
161,4468
4646,2725
4627,962
4868,1692
471,1882
3982,1284
3253,1401
3760,2595
597,3981
2729,1489
2233,2591
862,1687
4131,666
1756,319
2754,2696
3683,1104
2225,2248
717,2470
3960,3091
1248,3143
3727,4678
322,630
4274,2582
2298,2033
2597,2562
1964,347
1038,2368
1662,1827
864,3350
2431,4739
2129,2327
1932,2921
3694,2038
4922,3362
4109,1494
3691,4848
2953,4958
47,2183
3442,2102
2200,4425
2259,2558
2573,1951
2225,4946
2801,847
662,4130
2259,3811
4669,4494
3033,4001
4275,3093
1177,611
1903,3925
3867,1660
2081,4716
3579,1915
3421,1872
242,21
2130,3255
2985,1256
3750,4470
265,3203
1368,2603
2246,3817
1305,1384
1374,2720
3097,4766
2056,1774
2442,842
871,2097
3197,1155
2985,809
3440,2058
765,3553
4925,3568
1458,368
2077,277
2400,344
2440,3720
4254,1514
4368,3555
1113,3201
2148,1926
1082,4439
1522,1104
1171,3206
2483,2629
1853,275
1718,3447
2023,1168
1193,102
4894,2484
4718,2656
2788,642
1295,2653
3478,1939
586,4473
4415,1254
1711,2119
101,2722
4783,3363
767,3145
1853,2890
375,1855
2279,1600
4187,232
3783,3517
4901,1663
2328,1515
1089,27
2560,364
1928,1583
3838,50
3667,3865
2163,1590
1978,4674
3854,2784
4525,4513
731,994
927,2253
611,2775
4915,195
4929,3381
3818,3079
2947,907
4266,4555
4700,4113
1304,4173
4959,226
3287,2156
4441,1234
4573,3837
254,4755
2037,39
94,4184
3201,4113
1597,1353
1048,4659
2304,4559
3392,3325
3262,4652
3325,2041
71,2278
556,2195
2427,2481
707,3643
2541,4704
4947,971
3959,586
4049,519
2562,1925
3686,2853
4223,812
4639,3510
3381,2143
819,3384
3221,3623
3647,727
2020,1555
3787,3522
4040,3349
3478,4095
827,1461
4855,1931
1358,223
290,2673
4063,894
2706,1820
1979,388
1560,4403
4772,1392
2820,701
3844,1937
2190,4933
3390,3638
4012,2916
1086,3656
830,2584
2746,4028
3127,930
3708,4097
2835,1710
3669,235
4099,225
2509,3026
4517,1607
581,290
1508,2304
3947,3423
4485,4903
4218,868
835,387
1137,1244
3987,1490
1314,4750
1850,3992
4247,3100
4930,2429
1317,4410
4173,4703
593,3093
3075,166
2418,79
2517,2536
219,114
4749,1008
4906,4404
2389,3884
2648,1118
4988,1757
2271,405
3714,765
2944,1438
3326,3409
4978,3512
4915,3510
4589,2148
2770,372
635,578
2256,2741
3886,1179
4398,1599
577,4262
2993,3506
2902,1677
2409,1159
582,959
4923,3138
1543,3958
773,794
4455,4044
3200,3842
727,3368
387,163
381,3803
3932,1564
3267,2316
1553,21
3584,2522
601,3575
3627,2865
2487,2927
2759,774
4466,2914
3683,4801
1325,2312
2942,2152
1415,1065
3931,2126
4474,723
4224,2240
2484,2021
4819,4000
4592,311
2767,407
1717,4483
344,3624
2331,2422
2411,1654
1714,2562
3972,2819
1784,4309
359,3025
3942,4144
80,1250
4547,4028
3715,2179
3003,3621
2818,4745
1027,92
2474,4460
3309,709
863,3555
4379,237
2647,4523
3496,2436
3290,1382
3190,1855
2786,967
236,1181
4166,2967
195,954
3307,284
4277,4548
2553,4101
4225,1900
1267,4728
1174,14
4813,705
966,2430
2778,706
504,1030
1214,437
4086,2328
2562,284
228,3135
4588,1052
681,3564
3714,4167
4734,2990
3878,333
2975,3448
1111,1585
824,4143
1068,3343
1584,3544
3289,1042
3869,758
4148,2725
3854,1256
325,1726
3705,4334
2832,4863
3963,2087
1596,155
3271,279
3478,4552
1582,3347
3361,456
4945,1103
2864,4807
628,2585
1995,4659
3980,3017
2590,1469
255,1292
2001,1803
3683,3132
3675,3154
1169,3837
3598,2836
3460,737
1384,443
2509,4375
4347,1831
2554,3702
2653,4151
3687,783
2804,3678
1478,4920
4945,1154
2842,3884
3168,4713
472,3332
4919,3206
4231,2168
2727,3978
4452,342
1879,3391
2138,838
3808,3682
3282,3991
2461,2066
1094,819
1251,4083
3661,3274
511,1532
3674,953
3519,4029
1475,2409
897,2905
2390,1654
2615,1954
35,2832
2484,4784
1118,4106
3702,3310
3815,926
1918,1861
3302,3803
162,3612
2420,57
3785,1357
3281,3020
705,4418
2544,1778
3999,1613
4440,4813
4885,4234
3483,1721
2416,2175
4572,4451
390,1643
2315,214
729,4748
4008,3168
2709,4158
4373,926
1920,2731
2836,4767
2172,241
2352,2582
4183,2262
3365,3355
3860,1619
323,3126
947,1946
4287,789
1970,2193
3530,2394
2375,4387
2198,3208
982,3796
4092,1337
1948,4267
1776,105
166,1802
1137,2365
2696,1639
4760,769
3202,1265
4895,721
2593,228
4686,4095
3371,580
2452,3317
738,1058
4205,4322
2294,1291
4517,1407
3285,852
4507,4486
4554,183
4894,3849
426,2477
4265,312
3240,1524
2619,4792
3059,4307
4781,283
2444,3990
1424,1200
2611,715
2796,3066
1168,4099
961,889
3377,4110
3787,1145
2510,1124
3082,4668
2543,1292
2403,1074
3626,524
2534,3409
4297,2842
1067,2565
2536,3982
3927,4667
2849,896
1173,1929
4536,1126
2444,3755
2687,4374
2033,2097
4344,4462
3966,3196
3257,2650
3683,436
4382,3546
2816,834
1228,3883
2967,4267
4464,3267
3276,4107
250,1216
4034,2063
3608,4716
1432,4212
2563,2186
1237,1489
4232,258
2959,436
2404,3201
3874,4174
3687,514
2579,3861
4608,2235
1768,2096
984,174
557,631
4678,3732
3457,1749
1867,4915
3644,4202
1270,4188
656,2087
383,681
4129,3176
4868,1776
4686,4775
4909,1483
1380,4068
1632,2227
3746,3102
2477,679
609,279
2691,683
3404,3590
4100,492
1671,2105
61,4211
743,2309
3871,3016
4138,1308
4081,1713
4443,426
471,822
1453,688
2713,110
4160,3967
599,214
3302,2978
1042,1557
3499,3198
2035,2159
1382,3632
1588,3095
282,1507
1676,428
602,675
4376,671
2343,2159
3715,1774
2115,2263
3533,1630
4343,1846
1116,2666
4453,212
2110,4694
581,2591
2736,2899
4243,3719
567,1551
2642,3105
706,2667
1477,4434
1214,3174
1908,3035
3291,4800
1270,4818
2273,2187
261,1853
2361,761
2543,1866
526,1509
2677,321
89,3902
1703,4167
3949,719
865,2394
1782,4932
4475,3730
1137,1707
3741,604
2211,4096
3379,109
651,1071
814,3667
3167,1394
1160,3546
459,1656
3139,988
3103,2230
4109,532
1276,1485
317,1441
1089,255
3916,3245
4878,3516
3731,1771
58,4195
3999,3057
2190,2740
4404,4713
4553,1017
3000,660
1143,3794
540,1120
2605,2725
4268,4879
2938,1013
2225,2065
13,2211
4629,3306
2201,2504
3004,3234
2853,3348
730,4652
2732,269
2795,544
3339,4314
125,2318
4850,57
2814,2380
1632,4615
3898,2464
3360,4061
3297,4536
2945,2089
3455,3648
3110,3613
1594,3335
984,1120
3024,4328
3526,3312
4692,2191
3954,3455
3779,3484
805,2869
702,4980
4247,2856
3676,4519
2508,3193
4625,1957
2721,1914
1447,2359
385,2360
1007,22
1141,2237
714,4156
4018,2413
2816,1091
4421,1203
2401,522
3334,1194
1741,2199
702,3622
3445,3186
1746,4186
1421,1067
4853,4538
4226,4845
2074,3836
4537,1376
1429,2119
1171,244
757,4969
2926,1657
105,4999
2163,2653
1823,3621
762,246
2839,1190
4954,4098
3099,1956
327,3929
3516,670
3941,1247
1400,4456
4129,692
2073,624
1207,4999
2581,2166
4248,4777
1969,4568
4187,1352
2262,4743
79,1532
1525,2950
1438,3184
2941,689
365,2799
2948,2708
1281,323
943,4031
3249,3536
2420,1050
1675,4923
3202,2416
2892,4804
304,1951
414,4470
4863,1902
4061,3836
2474,4848
390,2975
1690,3690
3627,2946
3765,3716
2672,1996
2231,802
1023,2516
4644,3669
4983,1742
598,2480
4568,1406
1717,1967
4577,4707
1013,3849
949,4845
762,1327
3243,2574
2881,2532
4221,1780
3284,4119
4236,1842
3763,4339
2228,1017
48,3032
1444,3441
826,3426
2785,3060
3494,1330
3098,661
2364,3501
1561,1701
2429,557
2302,1760
2440,4679
3867,3180
3983,3705
2374,646
3408,85
1603,3135
1529,513
3713,3717
58,4418
819,2565
151,3389
1665,1239
2897,76
1078,4072
1419,2363
1841,4056
342,323
4601,2535
3029,1120
3512,3478
1904,3062
1880,3645
1602,3602
1169,4806
4309,3483
476,61
2722,2878
2628,1700
1834,530
4894,2302
3476,3198
2131,3709
2532,2225
3664,4505
2085,1629
4969,974
850,279
1081,3804
3650,3358
3603,3934
2594,3616
1707,3601
2490,1198
3691,353
3737,2767
2979,365
473,3830
2764,4490
2497,603
188,2860
4057,3605
423,394
4244,1504
1534,1512
4188,1692
1974,3415
2920,4387
4045,2350
381,4099
2889,3807
2914,2842
2577,1243
4526,4927
2667,1429
895,1535
2788,4653
3014,1887
4169,262
4527,2759
2526,4252
1199,4274
2686,4371
4412,438
3006,1174
3307,2983
1981,4124
4729,1845
999,2771
1946,386
4592,3110
4784,3924
3335,2094
2130,4137
922,323
3177,4042
249,346
863,1549
106,1464
1359,3531
685,4221
3308,2791
4749,4630
2297,2877
3686,3194
3400,1126
4323,2217
1720,3588
1783,447
1512,1932
2983,849
2464,377
4287,2047
1180,2082
4944,709
3219,3268
1931,3073
3988,3392
3456,4977
3928,2621
1863,2026
3340,4048
3644,4731
3437,2514
4889,1213
2867,3642
1194,289
4952,3674
1690,3111
4534,2252
2102,4728
285,1937
2244,2607
4573,1137
734,1492
692,49
4501,283
4020,4291
2409,1240
4509,1571
3635,3175
449,574
2105,2842
2629,3946
3203,1665
27,2686
4498,3778
1094,1115
2801,340
3028,4219
488,4891
613,1340
2352,4502
1110,517
2394,146
1335,1056
555,1202
1337,3472
3544,4556
2316,1598
655,510
2490,907
2177,3023
2850,3532
2679,3832
2051,3583
4282,3061
1201,4786
1882,4090
227,4244
2064,2946
671,2011
4908,1223
3192,3519
1403,3259
2197,49
3416,1125
1775,659
4164,2954
3186,2328
2906,533
3068,3920
4770,1397
678,4389
3370,4891
1179,2473
1398,4415
1579,2772
1618,562
2291,4260
2094,3267
3492,1493
4953,357
1015,4112
2454,4259
2643,4083
4691,441
2711,2424
3975,715
2961,4952
3585,31
2460,1123
4673,1648
2279,1411
1556,3265
322,4574
3302,457
1449,556
1399,645
2567,3413
307,4337
1288,4198
1156,1140
1150,92
3445,2134
2180,503
623,1155
1039,1520
4089,1370
4211,4262
2272,2606
4861,3847
1982,2335
1066,1756
1616,4708
523,3216
4330,2597
2738,833
4715,4504
1843,4213
1339,537
4184,4801
4682,1134
3844,4616
29,1909
3941,1360
4943,4473
1593,3858
160,1576
429,2533
33,1146
2401,6
2803,3416
1937,446
697,3527
2424,3487
4866,4329
154,1224
2766,593
4159,1876
3887,4973
682,200
240,1904
934,2222
4208,8
4615,4269
4754,4613
4780,3553
4697,2837
4378,964
3591,4357
4042,220
3638,3999
1009,3481
3680,1725
4445,4642
4374,2680
2570,3922
4145,438
412,2352
3687,4998
2886,738
4536,4797
1340,2590
1150,4207
3044,354
2,4749
848,538
3487,1668
2112,1814
4883,686
795,123
779,4881
2192,2151
4572,3511
3534,1451
136,3250
2417,4582
4317,4190
549,3261
4063,802
2126,3600
1102,1873
3477,4784
2489,1782
4690,889
3466,3609
4983,3427
3777,1801
1449,2748
4047,3954
4865,2708
4630,762
650,3120
1717,3487
1749,791
2729,3711
3659,2298
390,1711
3601,2783
2929,2315
72,1538
1,465
632,3629
2061,3367
3405,3241
3703,77
4597,1213
1273,4935
4825,4581
3103,2306
2016,3712
367,1736
3663,1341
1658,2779
882,485
2959,1487
3329,976
4624,4762
1340,205
4796,4693
4108,2995
2622,1299
4718,3344
3255,1525
2690,4822
837,1459
4587,1395
3143,3734
1088,2319
3462,1224
2283,4410
4078,939
3891,603
3670,1435
3796,4646
2525,425
3378,4830
983,3134
3310,4167
4490,3413
490,3227
4048,4611
2364,538
4190,4870
656,4831
1913,3328
1701,3862
2735,2173
3291,415
3807,1842
4434,2440
2846,4427
4970,1882
706,3519
644,2748
2773,3209
3634,363
807,852
373,1099
1381,4086
964,2536
1722,1625
2939,1201
1497,4798
2484,267
587,4739
1047,1804
3532,2129
4595,4602
2704,2489
1020,4430
3842,2047
1172,1652
2848,3389
3357,3805
19,2276
3144,439
2680,4411
4285,2008
779,1587
2185,2481
4340,1746
2754,2682
4505,1542
543,1002
3888,2607
2036,2848
4624,4478
472,4087
2766,2953
3517,4229
3121,895
2527,1489
131,1113
229,1493
3444,3785
519,1790
2552,2741
988,4318
4606,3783
1720,2328
3650,1790
43,3054
1623,677
225,4224
2875,335
3826,1375
2924,3381
297,1607
3655,4396
747,2666
1468,3484
4731,3218
216,118
2117,2939
906,3942
2971,3302
1743,3198
2371,2501
2290,2806
4776,4327
3946,1362
586,3222
3507,1352
3451,4768
2137,646
714,4021
2406,3659
2727,4020
4966,640
1328,1811
1747,3517
4672,1064
2562,4784
228,671
3448,1743
3451,4685
618,2407
527,3813
45,4409
4059,1785
875,309
4600,3371
2731,1658
492,2471
869,4426
508,715
2210,1821
235,4652
356,538
4321,1705
3180,2223
3337,2538
542,2367
2255,1371
2563,4352
3171,3308
258,4674
4060,3656
1092,1045
2452,3819
3677,1363
3188,4374
137,4023
3496,4409
4288,3512
742,1
1940,2202
1972,3276
4594,3705
1344,3137
1542,3215
898,3804
366,510
3010,785
4972,790
3421,801
2050,4919
3259,392
1466,4098
1624,2134
2679,2002
1885,4481
4711,2072
5,3425
3407,1263
3980,4662
2260,1786
3891,2509
3953,3999
3406,30
4650,1032
1392,1664
821,1198
1864,613
1951,4597
3959,4728
2355,3178
987,4576
92,850
3842,3310
3146,4992
3682,4041
1252,2174
1972,1459
3017,2141
786,315
3072,1418
1971,2675
2414,741
3452,516
698,61
333,620
766,3423
1415,1757
2472,2223
548,1192
318,3068
4460,3787
4075,1516
3784,1888
4537,1539
265,2770
3277,3216
630,1543
1159,3316
995,3415
1982,1374
656,67
2134,2831
4903,3147
4833,1431
1063,4403
2828,3790
3549,76
4476,1467
443,3246
2407,1767
3552,1490
889,533
4601,2285
1608,406
3681,1417
4210,4438
253,1307
2339,2475
1707,2147
3687,2235
2548,3429
3950,3400
2610,1090
1839,3476
2378,415
3706,1469
4685,2646
2447,2069
3986,4380
2344,3277
3989,4116
2444,650
4469,3905
583,1302
4762,212
57,2023
405,2401
3196,384
2460,2255
95,1230
4334,129
2006,1014
3418,1607
2349,1612
4825,3521
4383,1905
2930,2991
1481,2948
3932,4709
631,2505
2883,3594
32,858
1343,774
1168,4840
4668,422
4186,1988
4530,3219
2427,4100
2261,3465
122,3697
2188,1501
2606,4614
4718,3340
3042,3459
3241,36
3830,1166
3608,3748
1156,978
3847,1902
923,1095
740,4042
404,888
1865,4860
2508,209
2663,4828
4466,2999
3837,3812
1954,4381
923,2310
2524,1007
2344,1672
3771,1660
1118,305
4849,1693
2195,352
408,2387
2499,318
2969,3569
2742,4661
3502,2934
2874,835
1756,2493
3063,1257
1173,1361
960,4001
485,4038
4301,1258
1007,765
2594,984
62,1047
1831,1954
4427,1748
3075,1888
1142,4887
101,2268
1082,4556
89,4830
1120,434
4944,944
4414,1225
383,3320
630,3770
1288,1967
212,2166
3296,4194
1745,1602
734,390
2324,1897
3104,2065
704,4620
4598,2423
267,406
937,3409
2410,4298
1032,3912
1685,2954
4486,2809
4048,4561
1348,1247
2832,2839
3063,4256
4234,1755
607,4729
3655,2296
825,3738
4877,3418
1484,3896
4927,1459
2021,3462
227,997
4670,1602
876,459
3667,1031
1579,1692
3253,1461
955,4465
4519,2047
1098,648
4880,3113
3361,236
1433,1373
187,3673
2588,1098
4213,3287
1777,1081
2154,2867
2436,1357
4575,1753
884,149
1382,3271
4413,2772
598,4288
688,3417
1941,572
2015,2211
2710,2498
2367,3908
4210,2648
1725,2176
266,145
4716,3939
1926,1131
31,1136
972,4538
1132,4100
2166,4481
3465,4098
1622,2780
4634,4211
3199,4189
660,580
4507,2227
4658,3777
1623,1189
4597,230
4926,3677
2575,4374
2584,94
4708,3746
144,4127
12,4866
2613,3069
1275,1887
2330,4155
277,1079
3910,4395
1829,1565
4214,4995
2466,1845
3544,2850
757,2002
2447,3525
2181,2772
4683,4721
2351,411
2650,2785
4316,2047
4540,255
138,2211
3706,831
2130,2027
627,1448
600,4835
3786,2785
3737,864
1672,3742
1418,1591
4498,4358
1961,1792
2086,2899
601,1277
1086,2840
1918,880
2108,1265
1004,1232
4880,757
2310,3945
2803,504
2297,3481
3464,3762
4179,4191
3925,3643
3403,224
3175,812
4871,1837
2528,863
472,2674
961,2795
3586,4726
3934,3372
3068,2364
3848,1683
3686,3002
400,859
2336,4370
2547,2177
96,251
2720,696
1243,1784
4774,891
2674,1639
3524,4423
2782,3801
4802,3639
1187,638
845,577
3060,3593
2062,1901
1352,206
2920,1770
3036,3870
2933,4165
600,1965
351,3807
744,4826
2755,1875
1689,4480
1468,3939
4671,1690
1976,1267
1878,236
3729,201
3982,2991
1969,3134
3354,1656
2561,249
723,1056
2438,1587
889,193
3666,4961
2947,23
4474,3791
4669,1268
4776,676
4250,1547
4923,2367
2423,3880
3954,1717
3246,4422
4808,4116
3457,2513
2055,857
4448,3830
3344,4380
3987,3635
4976,2699
3788,4221
1694,4256
2879,1965
832,1435
783,1521
2814,2994
3078,1547
451,4883
3587,431
499,1766
622,3498
1118,3983
3445,1105
744,157
4513,1395
1918,2024
4748,3805
1122,1232
294,413
4361,2299
4258,4408
1656,1360
4855,2544
3438,2644
1070,3490
4230,1091
1842,2706
3527,4991
3253,2150
311,1129
530,390
3558,841
1532,741
405,950
706,551
373,4442
1915,1833
4517,3055
3333,925
3701,3420
4133,2766
4519,4796
3458,4187
2077,3952
2499,4673
4205,1617
4347,4975
4516,433
1215,1836
635,2657
1320,2120
4319,4246
3229,2889
3467,2928
4961,1393
3203,4806
1994,1667
756,677
155,958
4825,1048
814,2971
3170,790
2769,1671
1055,105
2127,1198
4535,340
3600,2249
3156,3096
993,700
1747,3207
4881,1060
843,3412
4527,4031
4590,2870
1492,2694
4271,2837
3011,101
1034,726
4733,401
1338,3547
1165,938
2455,2349
4309,1209
1745,1088
396,2023
1164,3170
2050,1719
4596,3554
4189,1671
2963,1501
1519,4591
311,2683
1488,2053
3762,4959
198,2536
947,2326
3503,519
1087,2198
3081,4450
1145,2114
3536,3720
2544,698
1757,3330
1532,3533
2114,3204
2417,2955
710,1335
903,2116
2131,723
2585,3103
2778,2342
4708,1574
3754,3391
4798,3245
2705,1132
2215,2938
3363,68
3145,2323
1339,980
3438,1616
1496,1868
1619,1516
2792,3238
4286,3091
1916,4470
492,427
2351,2402
806,214
3345,300
2699,1651
1810,3965
127,922
1191,2666
4502,2037
791,488
4865,3761
2261,3442
4543,3614
1214,3598
3837,3653
2042,948
118,2677
3224,3562
2802,2259
3146,2769
2167,4686
2984,4134
1759,2410
1558,3259
1139,4928
2472,4689
4631,3286
3175,1474
4612,2476
2805,2803
3001,4534
897,4271
4554,2258
763,1246
1681,668
2909,2161
3514,3996
4377,3927
3888,4310
4132,225
3743,4567
2482,1576
634,85
695,4898
4210,3548
1409,2816
3991,1649
1811,1524
2283,2845
3918,2278
823,4145
4640,749
3001,4911
4478,4853
2234,2344
4941,548
3517,3066
2484,1567
4348,3815
1481,2580
429,1057
4972,3342
4262,2700
1612,4005
861,2020
4417,25
4028,1580
4189,719
1457,996
1285,1051
3762,3498
3072,1825
4870,4173
516,589
4200,763
2652,3728
3061,3603
535,377
2097,3740
2421,3723
3301,2095
226,1345
285,860
770,4569
905,4655
361,3584
4714,2817
4910,2855
4286,4448
3802,1456
1870,3144
1017,1644
4201,368
3818,3117
1023,3045
4775,2086
1402,3511
1334,4746
3354,1210
3470,2466
2693,2418
4275,2487
3197,3559
1186,3340
1140,1647
3767,182
3845,2008
492,3489
3972,4647
3619,4546
3067,4020
1415,2684
2761,3212
2236,1549
1987,1255
827,2610
4917,3761
4476,128
3233,377
1118,4023
2875,4774
4596,1719
4043,2515
3315,2481
2189,3537
4353,2360
4447,2181
2636,1235
3580,2549
1089,1406
4464,743
3535,1332
915,4716
3113,4673
3687,4222
1145,1024
3905,249
360,1283
4455,92
240,4755
4255,2900
3638,3500
1911,530
1294,2409
895,4922
1443,2741
3208,1703
2047,3241
82,4123
1205,286
260,4353
3008,2883
1856,1864
4191,3189
1972,3384
926,3420
2634,887
4414,598
3021,114
3506,3531
1283,1340
1014,3602
4270,4396
3932,4814
1465,3450
3861,1946
3069,3009
28,270
3076,3419
2921,327
331,93
2949,2340
1049,4899
4889,2536
3440,3949
252,2522
1950,2858
300,3786
1973,846
2673,3135
100,4631
2482,654
3370,2422
1695,513
1689,4366
3839,1904
682,2859
3862,397
132,3124
4708,1458
1886,801
850,276
2478,2635
2461,197
3089,997
4574,2212
1124,2280
1458,585
3868,1050
3309,3013
3264,2092
4381,2688
4272,1794
4000,3288
1730,2057
1979,844
3955,254
2044,2465
4807,1772
2757,1043
2647,4318
2155,3095
953,2873
4920,124
4031,3500
1872,53
37,3480
3453,365
3649,1235
4568,1882
4537,2148
4829,3639
2216,733
1172,1830
4858,901
752,3688
4166,1714
4274,1642
3480,1811
1550,2685
4501,3440
4932,190
438,1246
3766,1393
3066,3780
1874,507
1184,3769
4631,4285
1996,4067
4137,4662
2720,2606
4467,4134
1120,1262
752,2360
3485,1532
2193,2267
3163,4317
4937,2516
3712,196
4813,3162
3380,869
2956,3655
4270,3920
2661,671
3373,3574
2622,73
140,578
2856,1545
4674,3268
141,3156
265,1149
1445,2609
3922,2366
3231,1743
588,1241
2088,1791
4777,4693
3706,2324
3107,4366
4987,2184
1737,2869
158,2854
3652,1604
2573,1463
2291,4222
3112,2041
4620,4565
3697,3755
2170,4180
3940,2927
166,84
1588,216
3961,1527
3704,4191
3485,4150
693,1282
854,2066
4818,3441
4783,3866
3493,2088
3258,3049
4028,1613
2996,536
30,2231
1192,521
2486,189
4581,3619
1503,281
1248,4614
1074,3466
1323,3216
443,3944
1036,4997
3854,2914
4384,2389
3747,2515
1325,3032
3127,1397
3715,4413
1011,861
3730,2404
3701,4279
2105,4932
2312,2403
4071,3950
844,4178
2571,3109
2736,4182
275,3001
583,3488
161,3413
4919,1292
2265,4695
2038,1523
1180,1300
388,4880
282,411
4069,1285
4409,4414
1035,1808
2761,2256
165,4756
2344,4544
4981,762
309,4520
4995,3657
4117,4991
3854,532
765,4183
489,3656
3416,1687
4619,2038
4452,1004
410,2307
3268,4178
1176,3254
2782,3292
3150,2858
2210,4399
4666,1672
719,4210
3909,4325
4815,3308
1754,370
1841,2655
2648,1841
2768,3045
3102,4978
2081,1319
3975,644
4226,2697
111,3230
1437,105
1039,2689
3049,337
3303,1287
457,2649
2559,3106
877,1199
4193,4493
1945,1686
2594,3278
1601,1527
1877,177
1495,2969
3420,3277
237,2225
4792,1565
2029,2318
4579,4225
3099,2018
3185,1294
810,4857
3232,467
2440,2372
1597,3080
489,4430
4949,4578
1363,2545
1855,1786
4543,3528
305,4289
4809,2863
2546,2820
2664,481
3564,4740
1132,2434
930,972
4003,296
3397,3201
4551,247
4937,2002
1749,1667
2987,3194
3082,2352
1991,2530
295,2396
103,1419
2661,186
1947,1128
980,1101
4805,913
3869,1494
371,1404
1310,1690
1071,1440
4341,3687
1648,4928
1758,936
1235,4274
2670,877
2381,4135
2165,4456
3135,1755
4430,4005
4134,3961
4444,4439
3647,1442
1436,4547
1041,2703
4583,2571
16,3565
3606,908
4848,3434
3789,3377
3668,3206
3081,3880
3228,555
4716,2422
634,419
4088,495
3826,4684
4561,1855
1106,2161
2988,4225
2652,3520
3067,1256
4273,1054
3982,2711
3886,529
413,1407
1560,4417
1344,249
2883,2210
4041,4432
4106,3624
2972,3199
3217,410
4772,2991
2247,1265
3745,4477
3280,3326
4954,4518
4655,379
980,4358
611,1667
3157,2944
2655,2467
1543,4785
3669,2635
3532,3109
2076,4402
1440,2049
3541,970
3806,2152
597,1610
1283,2164
1194,2368
3964,4100
2472,1393
4909,1197
240,4541
1274,1449
4643,2960
3981,638
2917,4002
4015,3314
4981,1771
1667,4916
2763,2599
4657,4504
4392,58
4212,3692
3260,4630
1115,2189
4909,2756
3594,1724
3954,741
2757,361
3113,2663
1621,2560
13,4331
2373,4403
861,266
3143,4569
659,1917
2927,1691
3909,2727
2407,2156
1175,4642
1586,3637
630,4435
2882,1968
4510,563
1337,4026
4405,4458
3053,561
2489,1353
2902,3800
1801,1129
390,4028
363,4320
1388,3438
3240,3245
785,3833
2902,1767
1894,3808
4958,1471
33,4663
4871,2696
3425,3173
2142,4789
1678,2024
4392,230
2634,969
3951,3157
4778,2280
3932,3113
443,2630
2685,4248
910,4145
4877,2602
4970,4946
434,2056
4648,4944
1450,3926
1086,1611
3736,2886
887,4390
1983,4946
3588,849
2485,3789
3868,763
895,2892
2559,4290
4694,3602
1680,1630
4752,1493
4720,300
3747,2323
743,4954
3073,4262
247,3245
1454,446
890,1787
62,2871
3256,4395
3034,6
1921,2855
1137,4897
4992,3393
1425,2546
2026,2807
744,3631
3507,2219
4010,4154
2299,3963
718,2251
3655,467
1417,908
1963,3848
2597,2321
2009,1823
2610,4671
1224,3358
104,4276
2925,304
565,859
4810,2650
2519,3663
4944,1302
3510,2159
4310,238
4635,3148
3510,1291
3090,1108
2143,3430
2045,1816
1627,2600
1142,2070
1580,3352
1332,351
4749,3424
919,2485
4482,1038
285,4998
2106,19
3278,1622
3677,4017
4976,4831
4999,2504
1670,426
742,464
480,2009
1922,2092
2770,1482
4885,4030
3198,1866
2082,2371
69,855
1992,2614
337,2941
1918,226
212,3950
848,3821
3968,4233
1508,3279
1070,2142
35,3218
2866,3549
1163,3834
284,4234
3192,483
2298,2709
3048,4620
425,3956
4267,3557
3698,4857
2106,3053
1646,3792
3349,3753
2776,2868
3548,1856
4223,4344
807,2796
797,2783
4690,2014
2546,1700
1366,573
4071,280
3183,153
957,2956
1304,4395
2925,4657
1559,2639
2651,1660
3403,561
2496,2254
2170,3427
946,2669
856,3696
1335,2174
2220,3261
1216,2699
248,1768
2358,324
3382,3304
2900,19
955,4923
3546,1715
2767,1976
3370,1946
4336,62
4519,1294
4987,6
2230,2627
2249,850
1184,4498
483,2166
1147,2531
2569,50
4295,3872
3575,4689
4266,2144
1383,2406
172,3798
2583,1561
1924,2830
3184,2267
3769,2478
3460,3716
472,3492
2166,114
1692,3343
3290,3530
2320,425
135,4318
4729,4275
1776,1948
1523,3704
656,2831
3892,17
3046,4295
717,475
3766,2609
4939,1998
4658,2610
2519,4075
944,1715
1452,3987
2097,504
4743,3577
1160,791
4261,1205
3804,3731
1693,3420
840,4114
2254,1509
1838,2833
2629,96
4309,176
3300,1729
4602,4975
534,2458
324,4106
616,3645
4006,4432
1872,570
3556,1258
692,2340
2137,3123
567,177
775,2716
778,805
4598,3944
4753,932
3571,2637
2756,1120
2705,4202
576,1998
4710,3295
913,3144
1825,2915
1854,146
4617,2411
817,3161
4398,3703
785,2551
2948,3521
3775,3593
583,2558
156,1371
4932,3754
4956,566
450,400
2969,1470
1849,2906
3200,541
610,2465
4339,3328
1105,3671
1347,4143
2027,4114
2151,3997
1254,126
3595,2326
659,101
1499,4906
3884,3273
326,632
2018,3806
3010,4068
916,4340
2573,2612
1704,4845
3179,1256
1602,2342
4817,390
2845,1037
2327,2762
2495,3590
4837,4813
2293,3153
398,4508
3871,173
798,1687
1426,601
4417,954
4401,4649
2596,3560
608,4513
491,863
2424,3944
3131,4694
691,1831
405,2714
4954,1260
1174,20
319,303
246,727
4764,631
826,469
1128,4725
1545,2648
4315,1896
170,2451
3395,3143
1276,2009
1366,674
2917,3214
2983,1589
3536,4165
974,2299
4306,1546
3838,3220
326,4598
4499,1555
2158,1470
3138,3218
452,4066
339,4979
610,2402
1828,4491
3059,4108
4419,2600
2925,1261
2809,4890
3147,1103
10,2340
1928,3811
637,1569
4303,834
1740,78
4758,3662
1968,3802
2330,4373
1062,4272
1978,2746
4965,308
1425,313
4843,1852
3240,3310
87,1204
3125,4829
1925,2564
3738,928
2377,1720
3163,93
1551,2307
968,3961
845,3681
4261,3647
4975,4672
333,4029
3857,4250
4831,1038
2789,2392
2953,4329
4188,2406
2680,4675
689,4597
953,4250
4400,2143
524,4643
2045,1096
737,2131
4698,4799
1898,2636
719,2628
978,3311
1947,4041
4323,1740
687,2889
1389,4562
3709,4625
766,1212
2735,4769
65,3519
3972,3714
1524,795
2201,2467
2652,4856
1290,499
3957,1911
3510,3928
2745,2430
716,4136
4995,2519
2316,1789
4984,1692
3509,577
4630,3914
2131,1440
2627,3321
2969,2181
196,4128
2170,4410
1224,2881
4455,3505
88,3486
453,1231
2605,2360
1311,729
4229,1661
3166,1252
4214,3362
481,2267
3503,4557
4611,466
2962,2120
2163,4505
2489,1139
2121,3674
3588,2930
2091,4266
1635,668
3535,2189
4264,1959
1105,580
1677,2766
84,4028
1646,1850
2344,1502
3654,4258
3386,2219
3222,4201
4092,1488
1066,3433
4534,2266
2058,121
1918,2602
3799,613
2017,3455
1030,613
156,284
3823,356
3035,3997
2004,2605
2995,4960
2992,2995
2619,3682
4560,542
4742,1771
759,1668
1174,1986
513,320
1633,1884
223,182
329,1956
2637,4802
985,4725
4923,1593
687,2252
2059,4693
2978,1135
1018,3934
3079,4328
909,3252
427,2469
1119,546
3458,2330
2716,3074
4124,1410
1949,2881
4592,3202
2544,2630
4021,1393
3631,301
1064,2404
812,441
4940,2830
4543,2712
2468,151
2661,2979
2078,2809
1682,70
3072,633
1481,1551
3732,3674
2048,2726
1475,4039
3547,3471
3843,2429
3594,2654
1409,484
1270,4215
205,3147
2271,3489
4790,3446
2914,3912
4419,2389
4423,2033
4538,1418
3721,2536
3836,4404
3194,4314
20,2244
420,2462
4552,2664
3299,677
1667,2377
2404,3487
2717,2984
374,2091
18,3610
2135,3710
2361,1465
4000,2210
2638,411
3518,2632
3759,133
153,3974
4357,929
1525,3817
4534,2227
1292,2206
4748,4901
4140,249
2322,2784
3996,324
3487,4862
1231,505
3764,4763
4179,1487
2907,4748
4641,3307
657,1769
3257,761
4744,606
2241,3994
1822,1881
1765,156
2786,1230
3924,911
1402,1017
3434,3560
622,1359
4741,2233
4254,4150
1710,4888
3411,1826
55,1526
987,999
1483,1648
4966,666
4494,3225
1346,1266
2459,4976
1341,877
1160,2385
2345,1331
3138,3660
3037,1162
490,3869
1809,4558
3632,4889
1232,2837
616,201
4480,400
1397,2510
2617,281
1656,3270
2821,3097
1916,4790
2222,375
3711,2552
2472,917
1534,4193
3802,1570
4786,2359
2404,2520
2089,3490
1519,3992
3670,858
2876,608
2329,3695
3795,3059
2145,2450
1971,1983
4207,4274
3153,3305
4438,3054
2322,2661
2799,2409
2934,2101
1359,3870
4160,118
2155,4494
2391,890
193,4767
2765,1010
830,4148
4646,455
3222,1333
2409,349
2117,361
4599,571
832,2325
3057,2798
4800,257
1990,1778
400,911
1013,1537
4304,1960
2577,2802
2493,606
3059,4542
113,289
2323,3052
3706,3901
3352,3093
2986,3842
3563,1109
2916,1484
1096,2590
3147,2110
4398,2542
2834,2077
2800,523
3562,1879
616,4871
1088,465
3608,2330
3426,1157
3745,4618
2001,1917
1240,1945
4739,3823
1433,4857
4482,1681
2424,2765
4600,2001
3271,166
3028,1181
2157,4172
3500,2437
284,1199
1613,252
838,1381
2100,1315
4784,4688
2323,4573
1241,1477
3435,4592
184,3939
1505,4160
4322,1916
1693,2328
4129,115
380,1530
497,3887
4225,1585
3972,4494
2689,3797
2439,2236
2076,840
4384,2192
415,2379
1015,2586
1107,4097
3797,2831
2233,3483
3245,4159
2665,3305
2347,58
2898,1311
1369,1096
2139,4784
2609,532
2936,4764
4566,4766
4775,2748
2467,2514
2126,95
3769,3616
2423,799
3032,3722
2649,575
175,4147
4088,3901
1300,571
2969,1000
4681,3741
1544,6
939,2979
4193,1820
1256,2797
2704,2835
3227,1429
1488,4994
1515,2473
3957,1879
4219,4312
183,2374
4870,918
4860,2703
1778,2136
693,3325
4640,3132
2771,2111
2216,946
4887,1400
3872,4783
172,1413
4595,3164
3078,1184
4745,612
3017,2418
955,2881
7,3008
3266,1314
3073,1008
1111,2668
3010,3844
4698,4581
56,1383
1786,1121
3626,230
3890,1742
54,995
1735,460
4495,1281
4164,3000
4120,4511
3591,701
2662,4547
4049,3168
2392,2401
1139,4205
739,3563
787,2025
4633,3931
4130,2368
637,662
3931,996
2272,2041
4796,3056
2199,4581
1114,2415
2671,1606
3763,4180
201,2025
2146,3719
4267,3867
4036,1767
2411,258
896,2306
1847,4587
1951,422
3899,668
884,206
4063,1624
4606,1459
354,2162
3903,3896
536,3052
3463,899
1333,130
4975,2636
3138,1225
2683,1899
4858,324
1796,1950
632,4038
587,4097
1579,283
4390,1757
2046,2954
4121,3081
1366,1819
3185,4603
1362,4161
2118,4362
482,1958
4552,4091
2283,4602
3470,1706
3867,1069
4017,2042
2180,1102
3515,4873
4718,2809
858,4377
25,3250
718,3740
3925,2164
4601,173
3083,3800
2916,2463
688,2398
2685,2509
638,1180
3945,3551
3647,4231
2594,4567
1352,4368
1049,514
2838,1970
4616,688
2664,3810
2604,3923
3212,2580
4787,3015
4841,601
2368,4857
175,1926
4652,1560
2633,3917
4881,644
4024,2299
3304,2374
770,3086
2137,231
4865,1697
4849,3381
4970,4442
4137,1433
2094,2694
381,3714
2809,4300
1976,1711
3528,4819
4222,2341
883,1560
499,3277
4118,2542
334,319
3051,4991
869,1988
166,1049
2873,1012
3496,2324
4667,553
577,4540
3440,4848
2333,2369
182,4197
4301,114
1001,3864
2234,4518
68,4531
559,2588
1086,4006
2137,3775
4263,3279
1061,3748
8,4486
4419,2652
1071,4747
2916,2592
2959,2738
2296,2242
87,1915
4267,2042
68,928
1171,3576
1896,450
11,3868
4245,1135
4151,4986
4164,3276
1044,737
1495,3669
2978,4251
3268,2695
2746,789
2222,686
3886,3378
3527,4556
3197,122
3348,1839
3296,1356
911,1653
171,181
3192,61
1847,2618
4527,1599
1743,2219
2284,2682
2026,1116
255,448
3704,3841
2923,1017
1924,4295
943,4009
898,818
438,617
4113,1957
693,599
228,3793
1951,1871
2025,4639
915,3375
809,3327
4234,1960
2449,3779
3843,2032
860,2474
1455,255
2852,3834
368,1055
1308,3990
1293,199
1899,4364
1978,2911
368,4692
829,2205
1099,1673
4462,1107
4037,4775
1851,661
1297,806
534,4597
4550,2426
1489,1983
2059,4488
3648,1320
1249,3893
3216,2256
2720,1889
4989,1490
2757,2693
2797,848
4932,4806
70,4663
3673,2122
1252,4724
4493,4511
1064,3765
1696,4363
3790,4347
2709,4509
843,105
4131,1793
216,1707
3610,244
3662,2058
965,3813
4971,3626
4777,3513
4584,2055
4106,767
3171,150
3959,1992
4208,1742
4953,4072
3844,4139
4115,4691
845,4089
2064,2120
4613,1313
2747,4198
1273,4276
1832,698
4762,4368
1840,2745
3746,4837
3419,2731
1074,128
4615,4626
3950,135
1596,956
4366,3578
45,3260
1243,1381
2149,4019
4823,571
617,3426
337,583
4128,2945
2165,3700
46,2101
3723,587
4066,1018
4205,2026
2514,1745
1331,2102
3589,4145
352,4919
2783,1273
4900,2012
1606,3150
4468,3360
4112,1415
3267,1100
1698,1597
4218,3899
3354,979
4472,1102
3944,205
3196,3760
62,3601
1454,2546
2906,2058
103,2816
3797,3013
4697,2268
4809,951
1200,894
4385,4123
4006,3670
2969,3257
150,1036
2431,812
772,2046
513,2493
2414,54
407,3132
641,4309
2767,1480
4079,4199
2181,4631
2566,830
551,4372
1437,2345
2627,3921
1006,3123
1863,1269
995,1447
4702,1276
4966,2889
362,1919
592,4903
4693,3051
1756,1166
2043,1710
2960,899
1212,1386
4671,2231
4503,3321
1427,762
3,3917
1638,2276
629,4893
3582,1816
1050,3466
3829,3905
2203,2766
103,4903
2805,1906
4639,3687
1899,227
4174,583
267,783
283,3205
4550,3763
2266,3667
2845,2634
4223,2379
3052,3464
3821,614
1976,4490
1620,1450
4972,2399
4264,4558
2906,4196
2754,1156
3001,138
4600,1045
1748,4077
2539,4755
2500,3774
1172,2631
1276,130
3187,4293
3513,1415
524,3724
4831,2769
4668,2185
1880,2946
2170,3774
1187,1955
4148,2013
4727,1068
3752,3205
2648,1057
1810,2463
2044,2724
1846,1471
192,3459
1486,1129
1526,2756
2954,334
525,2611
2760,1068
3798,3394
1613,2646
4352,3956
3238,241
2530,4872
2394,3393
1134,4271
4262,3720
3138,3318
1300,2482
3512,166
1268,3832
1651,4631
2877,3900
333,600
2074,679
4945,4060
4357,1986
2813,3081
1480,3687
4138,4687
1001,4320
2535,2755
4553,3068
1039,1578
715,3399
3926,4181
3352,280
3933,1025
4662,2243
2202,4637
1115,1086
4948,3571
2042,3766
4505,2593
2926,3752
495,3248
1889,3319
698,2068
786,2508
4830,3601
3614,166
437,2531
1570,4005
1247,3126
4088,3363
4091,2918
4607,1254
2138,3018
145,1367
2219,1252
3401,858
4859,149
2143,130
4619,1686
3855,1698
512,3460
3825,1737
3972,1130
4205,75
3390,4254
1651,2053
3983,4845
816,3227
2995,1545
493,4837
498,1459
3467,1628
3949,1615
2209,1103
1962,4403
2716,3455
1106,1868
4385,1868
4448,1491
984,3285
1488,6
4066,1208
4508,3841
4987,3224
798,3780
363,2315
4161,130
2038,2827
4488,3600
3868,3668
1399,4979
3477,4782
4357,1761
480,3270
869,3773
1035,2451
2151,4142
1203,4065
3363,3050
3207,390
3031,3212
3506,1167
844,1108
4931,4274
3014,174
1352,4215
2824,3405
4327,1158
30,1358
4121,4796
2751,1289
360,438
4428,181
3829,4039
1446,244
1395,3116
1729,4498
190,3238
3156,4577
2013,2778
2295,260
4121,3618
2540,4583
3480,2627
4557,2398
1023,1387
332,2315
1504,2399
1035,1190
2045,4609
823,3016
479,3282
2396,4147
1307,2706
2305,3459
3349,4877
3542,245
2104,2214
2729,3900
3510,3179
1971,2228
2016,3094
1485,3668
327,3830
4504,2209
221,725
4076,2849
3290,4813
417,1176
580,2504
4452,813
1527,2942
1046,611
1610,679
2631,587
3209,2596
2836,2632
3594,1428
2961,2599
4778,1518
4120,3122
257,2587
4834,220
2559,1698
42,3376
892,3890
3516,3722
3764,32
2952,3143
1482,3231
2381,4614
80,2414
3230,4012
1536,3258
4849,3269
2893,1849
3562,2933
3370,1047
505,2572
692,866
1436,2424
4796,2037
4531,3433
3256,3577
3060,1448
1342,4258
2829,4577
1495,1690
314,697
3838,683
4127,4509
525,4572
4834,1261
4263,3974
4870,978
3233,4931
755,4758
1922,2839
4982,268
4125,3469
1421,4431
1387,1327
131,2832
3763,4648
3542,2691
2527,1577
2404,2808
4280,1454
3311,2762
1296,4246
2994,3713
1819,785
263,785
1108,1322
2980,648
2239,1580
970,2732
707,2115
552,4032
1271,3679
3747,3583
3568,2599
1473,718
3023,2775
816,2009
230,820
517,412
1301,784
3765,1562
474,4673
1203,2052
4480,193
2762,4432
4078,1000
4442,1973
865,1232
4666,2658
1780,387
3247,693
1813,784
2505,1183
4393,93
818,3002
3550,1806
3403,1301
1820,4452
4094,4441
4581,2015
2781,3358
4334,4019
2040,2623
1194,1855
3424,4430
847,1016
1052,2700
4555,3789
3455,3397
3593,4253
674,1034
3730,1576
1879,131
1987,3703
2905,2182
3173,3070
2671,885
722,2189
1404,3174
337,3092
151,3485
831,3867
2214,1336
3826,2805
3346,4449
890,1378
3573,2511
2592,1289
3381,258
1929,3071
101,1449
2895,1640
4144,1610
4334,3827
408,2024
579,4917
1097,648
2500,1684
1904,3769
2952,4254
1137,1036
3731,2423
2973,787
2166,2090
470,2241
3821,4953
24,3066
2150,609
2142,3383
1635,591
1615,1269
930,3155
4866,4763
486,3044
2982,1160
4882,2914
2499,3827
4229,3959
3193,2340
2054,3448
1642,4953
852,3194
325,2649
147,1925
2688,4078
4004,699
1171,2088
4137,458
3021,4931
1570,2577
317,3569
186,3273
2373,2847
2409,3315
311,2649
1423,137
4268,661
1086,4494
50,4601
2218,4591
1909,292
2769,829
4322,709
1610,3847
980,2358
3509,1686
1256,2176
4481,1283
434,738
2051,63
725,4962
2967,1479
2647,1578
1340,3266
2197,4919
289,185
427,1813
886,299
2159,2856
3075,1890
4363,3842
4588,4199
2521,4792
4890,3933
4767,1227
693,19
3329,1332
487,3609
4098,3521
1399,1661
2002,269
49,2341
3770,4719
540,4748
2339,1562
3849,1790
2827,2722
2725,1825
169,519
2462,728
3483,4985
1118,4936
2774,174
55,271
1859,3103
3732,2971
4624,3419
2145,2583
4533,125
674,2133
2231,3962
3748,4035
866,2575
1676,3015
147,1022
582,1854
35,3850
3564,4768
1474,1632
4798,2614
1189,439
2041,3812
4090,1588
1398,1301
644,4260
1016,3837
3947,4232
1981,2349
2608,2753
19,339
4498,2233
4715,3235
4303,522
4070,498
755,2871
1753,252
1971,1004
3560,1936
942,4887
4583,495
1681,4383
1611,2266
4275,3208
1427,4302
697,2559
3028,3953
1665,1641
1991,256
4890,318
4208,4678
1221,3857
4802,2810
4282,3303
2971,2377
3807,3737
1200,2796
3471,2518
4549,1368
556,1312
4073,3111
4424,4383
3675,1287
1542,840
4220,1516
933,3285
3341,1668
3374,4443
4230,3382
3619,1687
3996,1205
2871,3932
1282,912
2079,2587
4762,617
2631,1289
4651,3081
2077,217
4109,1060
1107,1219
4677,564
1187,3677
175,530
657,3989
2447,1513
3272,4510
2568,3179
1713,3165
1452,3956
2039,1361
3560,3844
2371,4812
0,2661
216,4338
3139,1903
1196,356
320,309
60,4058
4093,1536
1279,4681
179,2445
1904,2695
4785,3304
534,2044
2128,220
4158,4553
3608,2478
162,2376
291,4284
231,4795
4449,1840
1967,4280
466,2321
721,2672
4911,2070
112,1540
2689,1034
1786,3633
679,1602
1389,204
2779,4790
10,3326
1745,2854
2135,4123
1643,3427
1267,2373
1134,2714
1931,4279
4369,159
3528,998
1194,3381
3718,4329
4314,2499
2958,4463
2287,3239
3994,1277
4415,1088
819,3365
4547,4033
4556,1085
3705,1603
720,4280
364,4800
4277,1745
2200,2927
1278,1490
2525,684
3394,4615
678,4524
2349,4843
3172,2492
632,4095
4137,342
1755,2487
1933,2740
1816,3394
3005,4834
1452,2061
1281,931
4932,3061
4923,4546
4468,2078
524,2913
3122,4112
4476,3703
460,4484
2632,4603
4264,3570
2146,3966
3246,2304
2449,1110
2229,3316
1326,3858
2746,2531
4874,1251
2728,2989
663,3409
4127,3436
794,1258
737,1784
1391,4250
3474,323
461,2224
863,2853
3565,2426
2149,2581
765,974
1077,336
3846,3361
4787,2374
841,2379
322,1532
4065,1946
3967,2449
2950,1220
3921,1343
195,692
1160,980
1851,1478
146,2341
2623,145
3795,2923
3586,1572
94,1957
3008,1277
4877,4331
3332,4319
3224,2825
4312,3498
2381,793
262,685
4736,2119
4282,979
3610,1935
4466,3267
3127,2756
1535,846
2543,476
3763,1213
938,3953
4642,4254
717,1557
1650,2160
3758,3445
987,711
3305,4748
588,256
1881,1103
693,3980
147,4296
64,2216
4488,4993
4794,3233
4810,1063
3597,4425
4412,2001
2277,4590
4994,1471
3321,2982
4251,3449
2868,304
2160,3819
1342,4154
3045,4948
83,1023
3408,4859
4877,335
1324,2749
3453,2823
4218,3275
3265,2881
1547,323
4875,3674
1979,1065
3943,3566
4212,215
4993,1176
2884,2687
1996,2102
4885,276
3419,875
3705,1184
2425,4181
1869,1828
715,35
1756,2715
3606,4098
1288,4531
3243,1266
930,4512
3860,1293
1136,954
1921,1054
2841,4886
3520,2738
4887,115
3570,2893
3678,2050
1073,880
1851,2012
2839,3286
2797,674
4683,4851
4065,1128
2995,1238
2604,2813
2303,4669
4052,3584
3650,3076
1812,1108
4944,3906
3205,2913
4066,147
3217,4079
4443,1800
1628,46
679,265
1810,295
3501,3529
3973,3845
3158,4092
653,1800
4872,3675
988,4565
2550,2826
4489,3806
3475,4827
3859,4840
2214,603
4275,4198
2827,2761
4916,2583
4940,3012
2205,3913
3988,3901
450,2352
768,2399
1868,94
800,4446
999,3572
2398,4932
4962,4059
1373,3057
152,4214
2116,1466
4636,4825
2263,409
3229,2361
2898,3613
4447,357
259,2459
859,873
3305,726
750,1493
3756,1690
1898,4319
425,3324
4516,2477
1220,776
2961,1069
2406,119
710,74
3059,1863
3798,4268
4401,4787
1238,3369
4930,125
3413,1360
2623,4719
1574,4510
1465,179
3005,632
4411,2492
3791,4872
4538,1270
1577,2081
3581,2040
1454,4568
2487,3131
1911,4059
999,4568
4745,3224
2911,2338
3858,3114
1753,4627
802,2228
1724,1432
1608,4361
1569,1978
2965,1056
2942,3615
3798,4688
3098,955
4191,1293
1609,674
4738,3621
4367,2108
17,708
4514,458
2685,2002
620,644
4586,4434
706,2477
514,3056
2097,303
924,4738
1096,2338
940,1635
2876,2582
3746,86
657,4847
1783,126
4256,4590
1099,1378
723,3736
3934,1375
2421,2760
2549,3094
1863,278
834,3367
411,4560
2187,1538
4603,1993
314,1566
1025,2076
3972,324
1207,3844
4403,1082
711,3042
1919,4671
805,168
2066,1533
1261,4822
4748,66
902,3617
4418,2967
1663,912
4459,2067
4182,664
1662,285
1411,3462
4052,2994
2400,3284
4879,3799
723,4687
3905,4684
3630,2964
1635,378
1944,2478
2670,855
2498,728
688,2086
2452,1110
3950,728
99,4233
3326,505
789,3901
455,2931
1549,4159
2928,3558
1641,2551
1526,3649
532,4995
3998,1364
2724,3727
758,3932
2451,1182
863,2601
1953,3745
199,4382
770,3906
1787,4625
3368,3198
2750,4620
3909,3034
2239,873
1961,2080
4418,3703
1364,806
4614,3028
3451,1429
3293,2943
4442,331
3563,39
4761,864
4814,3928
4362,1175
4179,3315
3994,3399
1893,1718
3277,4058
4090,455
4629,1189
450,1145
2103,3850
194,3544
1140,2579
3977,1003
1098,3215
2034,4229
1353,4375
164,2961
4887,1752
1698,249
1288,2130
571,2294
1852,3823
4248,4813
2120,2431
541,4636
1557,688
1390,2783
4471,3660
3556,4920
956,4786
2832,3772
1373,2854
4995,4048
2384,3536
119,1746
4639,3249
3511,2437
3609,4998
2386,195
413,1816
2206,1985
3038,454
3554,2505
927,2311
2775,3546
1651,2927
1652,3044
4396,3356
2279,2768
3973,857
2854,4157
1705,1268
454,881
3394,2875
2899,2813
813,573
1182,1348
4651,526
2430,4763
2931,2458
2522,3482
1922,3711
2806,2785
1636,828
4881,3547
3827,4031
3773,967
3030,2105
2339,221
4989,3150
2288,3115
3655,1438
1224,56
2465,2632
3909,911
3408,945
2527,4909
1920,1700
88,1998
1533,4844
2498,937
2176,735
2314,2646
4937,1015
1391,247
4110,3210
4293,781
4074,751
3482,174
4973,2707
2091,688
1871,4230
2814,1117
1527,107
1416,4849
3802,1594
806,1897
4375,4433
3750,1883
2853,555
619,2080
147,316
508,2333
4064,1656
1432,2035
448,3563
682,4632
479,4946
4229,3550
4353,4158
3211,3934
1142,2236
2453,3022
1622,4077
4253,4791
3582,3550
3188,1636
859,4578
1214,682
3020,4763
4388,1464
3681,3310
1771,110
3795,3145
856,4644
4165,662
1624,1298
4659,3759
925,4125
1351,3136
1404,1100
367,1954
591,527
1247,1920
2077,2079
1240,2330
424,4472
3895,3470
949,4003
1907,2136
4774,3077
1190,1967
663,2583
955,3723
31,2972
3488,1365
3414,4552
1140,872
58,3193
3194,3000
680,2550
1731,385
1695,920
120,3256
2060,3319
2447,862
3743,3443
467,4584
3309,1377
2115,1146
975,3733
266,318
137,371
1095,3263
1917,4114
917,3002
1666,916
1320,2550
3208,535
3740,1960
2206,1026
943,3221
1899,4354
4355,1746
1706,2043
4762,4399
1960,4494
168,2408
307,969
146,2252
3944,59
485,1866
4562,3480
4446,3462
3538,1902
1161,1032
2010,4384
11,4941
3764,1637
2967,1977
2245,3277
4910,1730
1985,4580
1715,3057
2420,1570
132,2499
567,1284
2322,2531
4834,355
4994,455
3996,1526
1090,2014
4566,3279
3709,2846
4183,4752
1837,1855
3730,616
3272,979
3003,3717
4597,3310
1821,81
2405,4626
88,4261
3272,2476
3755,2337
3297,1050
3853,4725
2383,2777
614,1919
2337,4746
1698,1829
3480,411
4961,3626
4974,1562
3998,4084
3749,1784
2555,1805
2196,3959
3584,3992
4259,1483
313,3376
4996,2061
3600,625
3417,2400
3298,4962
4728,2022
2871,1544
2077,3617
4301,2014
939,2146
1435,2575
1200,3775
1938,4228
491,187
4903,1320
1310,4177
1117,2218
277,3074
420,3544
2885,41
963,1131
4049,1593
4990,236
1250,1354
4336,3992
4897,2449
348,2883
358,3060
1768,4298
1911,430
4098,4278
2164,477
3947,4527
2464,2323
4263,2211
3407,2594
758,4275
4809,4518
3760,1727
608,3550
2539,3781
603,123
4855,2212
357,4118
4562,4132
4494,4883
3734,2714
3912,3868
2995,4824
4050,1513
3207,4101
126,3219
528,1842
3650,3204
2792,3929
3235,2212
4095,4721
1135,1018
1910,2622
849,3639
4359,8
1156,567
4725,894
1316,3454
4512,1042
3959,4824
4248,4660
1670,1698
3224,3942
3805,3108
1546,2008
4054,4358
3685,676
214,4732
1572,2805
1320,3220
759,3152
546,1446
3541,3860
1221,2071
639,1726
2101,534
2046,3396
4896,1115
2703,3041
2109,1582
1252,1908
4731,4942
1298,1308
564,3975
4815,2919
347,2524
3326,3718
53,4138
1988,4350
1733,3309
116,1209
1964,717
4059,1871
855,1405
956,3953
3696,1577
2301,1610
233,396
4299,3507
649,4752
1105,2338
312,3385
3397,4369
4442,2689
3083,4285
4985,2779
3653,957
4797,3189
2093,1967
264,3914
1305,2539
4507,3704
2015,717
2030,3665
170,813
4389,2503
2583,2365
3692,609
2121,2853
1104,4688
657,4579
3699,4292
2316,3586
1203,2531
1702,2041
3871,600
848,3797
4726,2121
1381,463
4402,4100
4318,1587
3394,1619
118,921
3876,3604
4429,123
894,4021
1341,4815
1294,3341
990,3494
4543,4341
4681,1852
1194,2894
1095,3487
618,2679
3905,1045
4056,1844
2027,2395
1466,2431
1699,926
122,4657
3793,388
2917,3512
3705,1813
2084,4393
3796,3494
2485,4214
2874,2014
1860,1445
987,3676
1323,257
65,1131
1012,64
2231,1965
3657,336
491,3864
4846,1959
2603,4763
4992,4357
2987,3211
1391,547
1036,2071
3421,3863
75,45
2267,2684
4800,1474
3261,1634
2948,1402
84,452
994,3125
3272,454
724,3857
2159,2588
1066,3105
572,22
1789,974
3561,3897
2459,2768
2958,4640
3982,690
2701,3481
1493,1395
2191,3790
2996,3651
3844,556
2105,3927
807,131
2668,3224
3837,720
3794,174
294,3133
630,933
2265,1399
1970,478
313,3974
225,1348
2177,1724
2402,2196
2993,3478
3101,4473
2148,3382
233,1621
3051,19
4069,2912
2224,3380
3664,3684
2256,1019
1888,3777
4130,2486
2907,1550
548,1788
4856,494
192,2499
1194,4906
153,2811
4154,550
4313,1408
300,1449
4612,4278
2490,3665
4752,2530
370,1436
4788,1479
1357,3637
4626,1153
3902,2756
3240,4088
2707,1288
3907,1906
133,2365
2743,4410
1815,4764
3650,507
3058,2343
1321,4331
4619,3892
1285,3748
3494,606
3465,2393
2593,998
2538,4024
2527,3505
2293,3689
3026,1207
4533,3047
638,2591
3573,1190
1435,3874
3108,1903
2984,1708
4185,342
59,2989
3241,3310
1166,449
3647,164
611,2721
4379,689
3593,1836
2597,1790
521,970
3033,999
2013,2810
2037,3091
732,4661
4186,652
2972,2125
318,525
764,3126
3187,1814
2255,1345
370,2534
4013,698
4513,4995
2914,4401
4617,4474
2433,4169
3399,4847
3773,1367
3686,2869
4579,642
2988,4303
3624,4512
4000,206
4395,2202
2746,596
2314,2978
2341,4053
266,163
4493,3498
2087,4699
4087,3095
1175,3553
1396,2082
3745,3928
338,4875
1209,4924
1532,200
3091,3324
4719,1396
4318,794
1458,549
845,3037
2464,4116
575,2730
4577,1559
3075,3453
4713,4473
3375,257
4998,1338
2473,3881
3000,4526
2096,1924
2233,2283
3237,746
4466,2600
3548,2984
4543,1350
2696,4315
4274,1057
4237,1345
3184,2280
1828,2075
393,1362
4470,4536
3007,1818
2681,4275
1761,845
4207,586
1557,1841
4117,2218
374,1841
3851,2797
2548,3458
1011,3371
3928,2896
1423,2284
2072,3149
3495,4651
4037,1184
4143,2383
3085,4197
1782,1880
2805,1050
511,122
869,1708
395,265
4028,2543
3507,4221
4683,2377
4798,1420
1725,1858
3589,562
870,1012
419,3203
2983,2351
1303,426
3802,1722
4105,1511
3527,3377
1812,2688
4950,1662
81,1235
392,1798
3841,1765
590,1387
3136,4176
3905,899
2635,1631
1670,4175
3405,3321
4131,7
4033,3724
4747,2222
2850,3174
1802,4852
1319,3812
2661,1473
2095,2005
1997,4574
2945,1430
901,4408
4651,2537
2741,3368
892,3959
3810,1731
4298,2912
3409,4713
4081,328
1962,1388
2251,1019
155,4078
3633,3351
1708,1415
4587,2702
3859,103
2193,1415
3366,2159
2141,798
941,922
1601,443
3304,2802
3602,1783
4130,523
2462,4599
2216,4734
4133,1353
4158,2393
3321,3813
4033,3599
2428,215
4724,3258
4529,1360
3352,4658
1361,4386
4228,796
4462,4824
2820,4787
2769,3054
3365,4173
775,1909
1709,657
3415,745
2347,1445
2937,4531
2649,3435
841,4069
4195,2068
2281,4535
1633,1034
4976,1647
1505,1844
2642,1827
4457,3034
909,168
2115,4382
3164,460
1136,3283
4430,821
1048,3617
708,2281
4245,3890
3239,1905
3281,4591
4007,1630
4144,349
543,3734
365,826
685,3336
3436,1368
444,192
2122,3047
3120,4066
538,4115
140,866
2365,3383
1150,619
1522,2232
4216,3053
1214,664
474,2687
3263,1508
3424,567
4876,2071
3644,35
4618,4466
2682,4592
182,344
3393,3327
4891,4688
1531,1564
585,1225
3338,4730
3122,1430
2131,2476
158,2237
28,4564
302,2294
3890,3316
3066,599
976,1170
4270,4041
4310,4256
2092,1552
3950,4584
873,1060
3855,1773
2081,2633
3038,4964
1973,3700
1118,4765
4097,4062
642,376
2649,3142
3863,2524
2576,4008
3311,4467
175,890
1900,3102
3432,1211
3327,1654
1107,2495
1868,4701
4153,2532
2793,3327
4734,959
316,2077
969,3186
4548,1865
625,1106
2442,2926
1228,2372
114,689
4156,1701
763,3699
15,3230
1408,1937
4145,3313
1309,2806
4922,2719
589,3394
3773,4002
993,4628
3060,2077
4226,3361
3925,3458
2884,4209
1432,948
1089,4437
3431,4879
2112,4560
476,196
512,278
2620,913
107,788
2060,3179
3920,3601
1660,1744
142,3989
4828,3313
4147,1418
483,1538
2054,3146
3472,3852
2091,3844
613,42
2247,833
2681,2944
4523,2710
2380,658
1885,3122
1822,2251
492,4120
1637,1345
514,3401
3550,4677
2542,511
1508,2513
301,2107
417,4006
1152,1598
2368,3399
1454,1357
1051,2981
3826,241
3292,3454
1312,3952
3003,4330
157,4726
1775,4688
1629,2960
4644,2382
3465,3294
462,175
853,4375
4554,4467
317,2796
3588,874
4422,3031
1221,4808
607,460
3407,3208
2671,4116
4168,3193
200,3162
2265,2864
2275,9
4895,3553
2087,1088
97,4281
3558,3623
1955,4080
1146,2957
481,3553
4064,2248
3026,1952
1169,2242
3583,1444
2074,3740
760,2350
2588,343
518,3582
3871,356
4291,2338
1672,2696
4916,3671
1870,3778
2393,1803
220,847
3557,645
4469,1957
4623,1029
1671,2624
4227,3932
2666,4783
3828,627
2999,1349
4386,4660
3314,1921
3737,181
1686,3106
1924,4273
440,4681
2331,3798
355,2430
1460,2114
3114,1809
1331,2215
1974,927
586,4819
1876,2852
4187,20
1891,4961
3620,897
168,572
3343,4016
2323,4193
1473,1800
2370,3162
185,2752
2614,4172
349,4662
1234,1407
4438,4936
4727,1453
4008,340
3470,612
4293,1417
4271,944
3147,4031
4796,4088
4174,2307
1205,2231
505,1919
444,143
3727,2458
111,712
749,380
621,791
112,2327
3049,2325
2080,3622
1011,2840
140,2225
3922,2132
1328,1032
4541,2517
2591,1091
1868,848
2261,1220
3072,450
4788,4337
3013,1278
4396,4075
4288,481
751,2238
2196,1389
18,1663
2951,4506
4046,2367
4234,1356
2831,2633
2414,299
4656,281
721,896
3730,2194
4148,3731
4289,3509
3641,1743
4649,1547
3741,1032
1446,494
397,2738
3671,308
2053,4792
4999,1013
930,4615
4970,454
3298,1943
3596,2282
3468,4444
3629,155
4330,3471
4272,2869
3516,4074
4965,2446
3875,110
347,2862
759,1361
934,3085
2168,1205
2478,999
3628,2210
1376,4994
3303,4643
3313,1007
1656,1261
3009,1919
3042,4311
2967,1335
1667,3313
4785,304
4460,4589
2477,641
4914,2247
1290,4504
1487,3102
359,4007
2189,3179
4348,1248
3849,3240
3521,2957
1636,1980
4069,4428
3881,3850
3144,335
4108,4392
1915,832
2740,765
2247,2159
639,4308
2277,1575
318,3069
2501,3261
1402,1015
2480,4397
1613,2920
3640,2749
4030,1838
3123,4309
1456,1791
3529,3028
4351,2620
246,3861
4190,3817
4928,616
3803,1177
119,2371
1998,3280
4222,614
4938,2125
438,3320
3043,1734
117,1500
749,1814
3900,1633
4475,1165
3677,499
4478,4702
2268,2417
2642,1259
26,3151
3979,1310
4902,4641
4788,4340
669,86
1905,2438
4987,268
1612,32
930,2690
4972,2833
2800,2190
4375,1272
549,1576
2633,1283
4483,1143
4718,1138
843,1296
4530,1618
2994,4288
1143,52
3311,1508
306,2164
1197,2918
2749,40
2884,3589
4178,2997
997,1186
4237,2960
1222,3668
1212,1424
374,1105
853,3824
2360,2902
1663,4373
1557,3294
1428,3532
2842,4514
703,2161
4838,4649
3884,3847
369,2142
3765,3136
1394,2545
460,1443
1084,754
4786,1203
348,3900
299,2052
2621,211
498,121
2018,3880
175,1604
3248,524
4153,494
1176,1851
1308,1408
4311,4894
113,2084
2605,362
1022,1815
124,2195
1339,3555
2348,2877
4168,3137
1933,655
3453,1611
206,682
1465,1018
3690,4893
1318,3018
4322,208
379,3685
3077,649
2255,2279
798,2824
844,1820
1434,3153
2360,318
2660,3435
4706,3257
4243,3751
2556,1686
2721,3764
4950,181
2751,4706
826,2073
3615,3076
687,1024
4980,436
1697,1913
465,4421
3383,776
757,1262
1715,374
3113,3864
2639,4375
327,3453
1263,4008
2593,4806
1970,1658
1893,4750
1192,45
3623,1392
4275,4441
2385,3490
340,690
2411,2173
2991,3387
2756,2666
2974,1863
4149,4640
4964,4700
2989,2542
3110,4144
343,3357
701,4862
4493,1583
23,1633
184,715
4740,602
3606,2834
3154,4832
1228,1474
2927,1723
480,165
1699,239
908,3291
1516,4177
4693,1042
4387,4178
100,3198
4906,3721
2041,4791
4690,640
3454,3810
1633,706
2976,2052
2673,3981
4069,883
1513,3947
476,2125
1013,1532
2411,813
4414,3471
4703,1203
520,4165
136,632
1026,3013
1647,4905
1472,436
2458,4121
2333,3821
2442,4599
260,3513
2575,2022
2954,4791
3501,1729
1505,575
751,4945
2533,2272
4243,3546
2056,2524
149,1901
4941,1575
1788,1792
3123,4798
339,3163
2427,3995
4460,2897
3421,1293
4508,786
376,438
4891,3095
570,1185
4805,4497
836,4775
586,2808
3963,367
1124,657
1429,2296
2731,801
3313,1219
1256,2090
44,4626
3208,4054
4179,1716
3073,2380
3998,1045
1390,4865
730,1120
1161,4127
3286,1962
2967,3149
247,4297
2833,2199
1061,3603
1605,4415
894,2460
1243,4625
888,4187
2446,4465
4539,2673
3955,3356
857,1664
4979,788
1961,3515
65,1303
2612,4144
3209,2791
2706,3066
2579,2962
4760,1069
3124,4239
721,813
3844,4401
2914,2033
1958,228
1999,1624
4167,188
3546,4455
3968,3027
793,1447
2901,3834
490,2305
4645,4872
3635,2440
1459,3507
2431,4139
2814,4029
1030,3261
1865,259
2870,4969
2544,4418
2605,2243
3995,2181
1404,2391
1359,2711
4898,1830
2642,1439
2773,3901
64,1506
4352,450
1022,1520
1961,4472
488,2185
3696,4003
2178,749
3064,566
350,1562
610,1042
2826,2734
3888,3752
4628,945
465,2329
4184,2580
3957,272
2911,4199
1971,2847
2384,421
3249,3137
4424,1221
2280,4009
3827,4230
2714,1474
3412,3445
1893,1600
2523,688
3314,3414
1718,3354
968,2722
4688,4518
320,3410
1779,2925
4929,4842
2004,821
1697,4998
670,4262
2345,4388
932,1511
515,16
836,4146
1390,240
4298,4928
4175,166
2774,2056
263,3723
2161,186
2456,1
1572,1037
2087,321
2786,1757
3760,629
774,659
1671,3436
2889,2442
2290,3442
66,4159
3683,343
293,4144
4800,4078
1990,1075
1684,4267
447,2212
1145,3530
3224,3276
2411,2790
2214,3469
2897,4043
2286,35
4030,3752
789,2729
2440,2896
4405,2466
3049,1616
3531,2555
3963,3939
3068,4210
2684,3333
268,3636
1430,4846
2130,2521
2495,4045
2544,4795
3704,2046
2064,2309
981,1754
4383,4827
3332,1877
1544,2839
3147,2947
1435,2221
2247,3598
3136,4843
3879,4574
2076,3158
1896,2959
3775,836
3184,2846
3372,4062
901,4375
2596,3378
3969,579
4562,4003
54,3943
4001,820
4762,877
4273,3403
4222,3636
1410,2642
4561,746
4900,431
2841,1023
1237,952
2105,1992
2605,315
1418,2921
4254,1674
3797,4471
3965,779
394,1518
1435,1783
2954,3313
377,2037
3329,2352
4626,535
1961,3162
116,3388
1778,4567
3088,3658
1195,604
253,3117
1911,2615
2030,924
4447,4797
1161,1053
2220,4422
4616,1460
2469,3477
4178,696
3475,348
1000,1344
3311,1994
248,1117
4642,4245
3034,4920
4802,4968
597,1005
3666,2860
202,4062
876,4077
4507,2385
4928,3770
478,2899
260,708
670,1520
3233,3999
3235,3741
4037,2693
2040,1130
2719,2469
642,1527
30,4906
4120,479
4441,4853
1495,3777
2005,1716
1529,2476
1821,2022
151,306
68,4881
939,2395
4332,4510
556,2085
1684,4705
1177,510
4450,4956
26,4310
3430,2360
3163,4215
4820,4259
1054,3022
3664,479
1177,2291
2093,1082
4137,3709
1874,3663
4191,891
587,1710
665,3545
3916,178
860,3285
4582,3468
1039,358
1155,1431
2171,4319
3209,3226
3441,4197
2059,2825
4309,1083
8,4632
2057,2201
4312,1595
1672,4874
3512,415
1994,2878
4617,1848
4387,325
1017,3192
56,518
2369,1338
1724,3598
432,924
2401,4157
2775,2890
57,3241
2821,4126
3622,2124
3682,1367
801,2775
582,837
1801,302
1948,2266
4051,744
4713,921
2507,1251
1191,423
2243,1033
4946,1348
3582,2670
2112,2051
4198,4871
2481,4953
3223,4064
3215,1436
173,488
4935,2362
102,4844
1318,1331
4194,2609
4997,4072
3951,1195
3693,3318
4277,630
1593,1395
3457,4761
4088,747
1538,3097
956,3277
2248,58
4066,592
3058,4129
1669,2762
573,3239
2484,3129
3012,1595
3142,1158
2172,1318
1745,940
1991,974
2736,4843
1865,4244
4433,1337
722,4890
4513,4461
529,3556
2467,1767
2721,468
3411,1159
1215,2290
4511,3490
3393,4419
4622,4177
2853,330
3992,3811
2097,1228
137,503
3602,4942
3171,637
4553,1620
2338,3891
4834,3677
3712,2466
3192,4554
4240,68
4851,223
3578,279
3463,390
1851,2136
4810,2176
4579,3020
4690,951
3044,3310
2153,2141
3342,599
1008,1357
3427,3986
3585,2395
1006,2367
1735,2428
2548,1935
722,3008
1965,4544
2259,3021
1539,1462
1117,3714
2715,347
2171,3087
525,1109
91,2058
3647,97
3604,3632
2800,2047
4798,3904
1383,1158
4988,2592
859,4507
2995,4859
1455,490
2473,4340
1508,1286
3248,4842
4678,3178
1859,4001
2878,3979
4362,4667
1419,2515
2180,1726
739,2221
2732,1109
2232,3204
3183,205
389,3039
686,1030
4645,4359
253,3732
4372,1242
2589,1801
1994,2333
793,2442
3182,3676
4375,524
3187,172
4629,2395
3777,3669
4607,1806
101,2665
4731,4561
3123,57
381,2519
2885,3120
43,4724
1242,1321
999,1754
1936,501
2458,1106
595,3317
3265,1217
1686,3195
3485,4979
365,3481
2947,2023
3466,3806
4549,4629
107,3961
1947,1454
2898,716
1867,498
2757,2649
3219,425
811,1625
1941,2753
120,225
1766,3092
141,2154
2127,1627
3806,4940
3376,1856
2367,3290
4357,1735
3492,4703
4990,1594
2971,2961
2325,3152
3593,2158
3935,103
2207,4851
2413,3831
1177,3340
3779,3074
4371,590
2844,3751
3170,1066
187,2718
1753,1316
776,4602
3547,3790
1296,973
1669,693
989,2300
3311,1751
706,2676
10,790
2594,989
4277,690
2495,166
978,3254
3610,4631
3375,3060
2565,1651
2215,190
957,452
4388,4997
3217,1201
399,622
4195,814
4621,3765
3875,3674
1800,4208
1775,126
1991,1916
2502,3969
1240,1913
1674,3446
1266,3728
3846,4593
4530,1434
2751,2194
663,1965
1318,4903
4902,2356
2769,4139
479,1601
1144,3191
4140,4287
1131,2164
2661,984
1495,2839
229,3049
3409,441
2969,2507
2295,51
722,2439
4236,3001
256,2080
759,3184
1410,927
4628,1546
2336,625
2818,530
1127,1009
467,2264
231,3725
4609,3405
4330,4363
3912,4124
1862,205
3131,4448
31,3904
180,1695
3280,2516
150,1796
351,2750
1294,2383
2746,3440
2589,2572
4632,2570
2726,970
2526,423
2564,2520
2615,2032
399,3166
4046,4730
2879,1050
2487,4148
77,715
4973,3581
3402,3432
4037,169
1861,2178
3596,4376
686,1544
4328,2180
3759,1671
137,2207
4388,4003
3821,3861
598,2180
1029,2768
2362,661
2761,4843
526,3338
548,1639
1953,3231
3089,4573
4184,3698
3955,4900
3889,4781
983,723
3474,1831
3298,2173
4628,2277
4242,4420
1708,4865
3881,1474
1600,3292
3903,4276
1704,2914
1636,3736
1330,2905
574,3932
1452,1796
4328,1940
2047,3323
57,1487
2611,2664
3961,113
2493,2624
1817,1971
3648,2746
1944,1474
3516,2226
2599,3607
677,30
2034,4463
738,3728
2100,2911
3327,497
4086,3682
114,4172
4061,4701
4574,3841
3164,4937
420,3915
3067,3960
3925,358
4321,3301
3078,1691
860,531
3678,2709
636,621
2856,3129
4543,4375
2087,1680
1212,3263
1201,1618
3484,831
2086,199
1438,196
2141,146
2633,3153
449,3570
2540,1371
1703,4983
4933,1941
4625,3778
3136,1272
727,1360
996,2819
4052,4654
2004,2578
3546,1543
4922,273
853,2691
4993,1372
3664,1706
4825,3203
1150,2921
4404,2447
4854,4976
2128,3090
3746,1986
4829,1153
936,4563
1396,2340
1356,1615
4795,4752
2514,2099
1794,149
2129,3581
4368,1600
1324,4082
4897,2372
1115,334
3904,4645
45,1430
1467,574
1041,1700
639,4331
2667,4421
4844,188
3081,20
2824,2370
1120,4682
4621,2174
3477,2030
4864,4894
1845,638
1128,175
255,4768
3154,1113
1038,2826
528,1084
773,1085
2862,3300
2056,502
1455,2902
3915,911
4770,425
1656,3725
155,1413
424,1988
337,1889
846,575
338,4697
4129,2821
1006,2198
4423,1733
1112,1100
2645,758
4522,140
2618,45
2896,4421
496,1792
472,729
4841,1601
2582,4703
622,2617
4174,1701
217,4476
2852,4063
2269,4178
2119,4759
4755,1042
1273,3314
409,4092
4024,0
3422,1438
800,2583
2271,1514
2650,2562
2548,775
4899,902
1319,3144
2990,233
2993,1132
2077,1562
617,2948
4361,4033
3975,1561
1292,52
2315,2155
218,2537
3940,2278
3582,4832
3668,1717
1242,35
4973,4160
577,4924
2592,1635
3278,640
4456,366
4540,4927
1321,1795
1025,3995
3853,1412
2359,3948
1314,1500
3109,424
345,4642
863,1039
4377,1558
4861,4768
2392,3119
4336,2219
3291,4738
2702,4025
3562,136
1700,2338
4440,92
1610,2445
2417,1832
634,3301
4695,1504
4298,2947
1429,3062
415,841
4600,3458
2721,1022
638,3116
3966,3470
473,3724
3490,1148
164,231
4464,3336
4133,93
2179,3978
4526,1977
2505,4224
84,3028
4438,939
630,1842
1966,1902
3066,1132
4686,2506
1704,128
425,1982
2907,2326
4368,2406
638,3395
166,122
1784,3463
4019,2873
724,1976
343,4978
4685,4474
4377,4461
70,3448
3158,2258
1316,2166
1939,1335
1994,2234
484,271
1413,4672
467,3287
303,4493
1377,750
4135,904
3325,2284
4013,616
1840,3802
2243,1324
379,3863
2351,4096
2112,692
341,3733
3031,3502
1239,2428
4973,2284
1627,2777
4443,3519
3635,1613
2742,2445
1440,1449
4266,1358
4877,3051
1210,2764
2255,4929
3604,577
516,2047
2480,419
1234,3964
1012,318
97,4107
4756,2740
989,2832
578,2742
2254,1840
4939,1386
1813,835
3408,2097
560,288
2027,4393
1590,3713
3578,3390
3179,2312
282,159
1062,2267
1966,149
816,171
4514,2137
4185,3735
318,3379
3777,4830
4677,2779
4448,3651
4116,2307
2420,3491
1836,1875
4483,2236
688,544
4496,2647
4497,3970
2553,536
2578,4324
4946,4486
3409,1515
1040,619
4545,1083
599,4845
1153,823
2083,751
1958,24
990,130
129,3896
2010,2940
4488,533
3955,3415
1364,4581
3659,4065
1980,1556
4690,294
2749,1517
4380,2183
837,3443
2060,4258
3956,1213
4954,1184
919,3499
3242,1506
4590,4965
4999,4289
217,2041
76,1808
335,4148
2793,3696
2096,2171
4329,3685
4077,4839
3358,4476
3418,940
3415,2420
4947,289
1226,2691
869,1501
1655,4639
3289,14
3619,1635
3047,1081
1232,3472
3440,1830
3599,29
1002,818
398,4923
647,3885
1565,136
1143,2611
2750,2998
3968,950
4571,2694
544,3330
1255,2261
2931,2495
4487,3742
1168,4829
4232,2518
789,2079
163,4383
1961,90
2825,618
1624,832
2017,732
824,3580
1910,2601
1655,2400
3852,3732
4282,1497
36,3493
4707,4670
4567,1056
3682,4867
2907,3775
3483,3186
3453,3258
4908,1860
1714,2781
263,2467
3921,1401
1985,1279
2139,112
2716,2854
1006,3873
4016,4017
29,1051
3231,2621
3004,4751
2645,4297
2258,1471
1709,1107
2828,2065
62,4619
4560,3388
2509,3263
2885,4419
3627,729
3466,82
4772,4422
2159,4462
1371,2725
42,3823
2497,4231
4012,1800
2936,1239
1036,2200
4754,1958
4351,2394
4950,4949
4721,1088
1089,3831
4541,4331
3117,3617
4930,3879
3027,3850
1706,2556
1000,955
86,3207
4519,1883
504,1112
3198,332
3559,4581
516,1026
3305,1017
292,3726
656,1365
71,2672
2422,812
3575,1836
2230,1895
2302,1786
3519,1546
2147,1592
3979,1285
2168,868
574,3985
3840,134
4067,2394
3341,3663
3011,4258
3864,4311
23,309
1423,1216
386,19
2752,2316
216,1091
4971,2550
414,1627
1769,283
959,2634
931,2198
2343,2321
128,1113
954,827
1001,1018
3986,2263
3111,3434
3446,4215
179,4856
2225,18
3780,443
338,183
3579,661
3086,3436
2525,4284
2037,3840
4693,220
4157,980
1566,696
218,2924
4199,2929
1166,4653
2613,1615
1887,654
1092,1441
2456,1368
1122,783
4548,4059
4937,1925
3030,3790
966,829
3875,2201
1268,3134
2388,4869
3142,2292
4535,2998
4666,3480
1864,1496
2460,1908
788,1815
1422,1412
1393,546
2304,1165
1558,1869
246,145
1423,138
4699,4775
1870,4722
2973,2106
4769,412
1764,3830
3915,1251
2788,633
3658,4122
4061,2457
915,4268
2495,2536
4274,3281
1283,3259
3975,2784
1189,2341
2856,4625
1909,1376
135,4076
985,3466
3099,3081
3010,3781
62,992
1185,3245
2576,953
1076,994
3275,4027
2132,605
3379,4254
2132,4843
1245,3832
3509,3942
1387,3641
1791,1562
516,2891
4718,4887
3722,1185
3523,2105
4118,2931
1372,2108
2531,941
2526,798
34,2223
3409,584
488,2221
1977,4184
3427,44
3699,1300
3320,144
1442,4113
4683,2820
2145,3052
4752,2373
4766,59
1720,3236
2073,4882
1450,3648
4767,3619
295,2745
450,2480
4360,735
1379,1973
3764,4914
2526,4315
4577,580
2165,3593
4218,2767
1251,4972
2147,2145
3158,4898
3037,3265
4263,4773
1009,1751
858,1695
1319,558
4984,3250
650,3983
2865,3655
2630,4691
3285,1883
4876,2222
1747,2203
540,3610
2711,663
2516,4157
1360,4984
1818,588
2749,82
4384,3684
4329,2556
4604,2453
3249,3140
1118,4086
4949,1309
3709,2505
4922,608
401,831
4440,1597
3935,683
3902,1260
3398,2
409,4932
4543,3572
2209,1381
401,26
3533,2121
674,3184
3510,287
4115,2021
3002,1139
2396,1157
1377,3216
3536,1672
2658,3912
4667,4596
4884,52
836,1292
3716,3286
3943,1972
3288,4511
3398,1430
794,135
2671,1372
3592,3328
2580,2505
861,226
1755,2253
3566,1395
1960,814
1411,1400
1297,4872
3105,1437
9,4435
2116,3782
75,2272
3574,1841
3927,3444
3202,3301
1979,4729
1323,1034
332,2699
1028,3910
4561,313
2444,3113
4008,1665
655,4133
404,147
4624,3247
4926,490
195,1713
1291,2405
1386,128
2987,3335
2901,802
3668,4231
4062,3550
2974,4107
3140,2845
2193,97
15,114
1916,3242
1950,4940
4903,2793
3214,247
4644,2690
2851,4574
2506,1117
4366,3311
1177,1588
3302,3725
2206,4117
2490,2783
2621,2524
2013,4952
681,2528
3885,2831
3603,570
4681,370
839,4649
1905,1240
3867,2843
4170,2002
1973,4577
3373,734
211,1549
4705,292
2825,4026
3881,390
3319,1185
4382,1658
2838,2796
4818,1633
636,1564
1617,1422
3016,2852
4987,1410
4124,3597
4930,2309
602,2111
2321,4425
42,624
3210,576
4943,4165
267,3194
3026,2904
4569,2401
1996,1484
356,3559
2731,4815
2350,2456
4509,4181
2739,819
4704,868
4666,4050
3026,712
538,141
2121,1245
4770,350
4230,1485
3634,516
1115,4027
3676,1953
3503,524
4203,2340
2054,3377
4251,3694
732,2605
1415,686
3162,3105
2135,896
3599,4798
4570,4403
2817,1139
3021,1311
4068,1959
1029,1838
3447,50
4553,14
4255,889
1142,625
1579,439
4072,3795
3696,823
125,2960
4245,2170
4400,1675
2451,480
1936,4141
4907,1246
4973,4557
1008,3981
1866,3987
2395,4479
3794,4904
3084,2366
1099,2121
3988,4605
2550,2484
2440,143
805,1933
2631,885
693,4933
431,362
4197,753
487,1418
996,1082
937,1881
4095,3981
4601,2269
2519,59
4696,2308
2348,4609
4944,3102
2952,4618
4897,2916
644,4601
4305,4917
4534,95
825,3722
1969,2985
972,338
1520,109
1050,4733
4942,3299
2734,1720
1783,3738
4274,2249
1473,344
4046,3908
411,831
2584,4514
1361,2252
329,2736
909,1513
2072,2038
4239,1472
1036,1703
664,4223
2431,1047
4384,1052
1041,1303
925,1852
1112,536
2171,1443
212,3174
1195,3119
713,2063
3643,3898
728,312
2344,3133
3700,2025
2318,2967
4653,417
2776,3860
4009,10
3999,435
14,2078
2174,1264
4684,1168
3038,2094
4322,3267
1424,2046
3940,3976
172,456
3841,3902
2047,3911
1310,2018
3920,1596
4937,2750
3886,1001
3085,3389
52,2480
2343,4621
665,166
2074,2707
1056,555
4805,2640
3175,649
2385,1052
4876,953
582,2194
2522,4962
3269,2891
2602,4923
4849,4535
2398,4411
799,4447
1388,1771
4709,4355
3087,4091
1352,4113
4053,3186
4961,982
3191,4710
4927,1855
353,2562
2178,4211
2835,1527
1708,4772
4937,2109
699,484
481,3306
3266,3134
2953,172
2469,4972
2219,3956
1831,2624
431,2187
911,3272
593,1525
855,676
1363,2961
3388,3438
3872,2558
3903,2606
629,397
2936,2022
1806,880
3715,4787
2986,3971
3429,2774
69,3918
4261,1238
519,3041
4331,170
4114,4719
1390,4351
2048,3800
3554,1913
4929,3261
2152,2347
1634,1971
1859,331
1604,2297
997,3862
3089,2163
4789,4788
1143,4439
1492,1687
3125,2027
304,4931
1974,1830
1631,1479
475,2639
2268,4897
2663,419
4652,1834
351,2371
4149,4666
3389,3068
4981,3436
1368,632
1637,3480
3646,903
4759,701
2973,2917
3428,1927
1823,3199
1345,1533
1477,2658
3321,590
1410,4447
1411,281
4418,4361
958,4592
4521,4571
4600,1168
662,1899
3018,2296
461,4671
4300,2422
1013,1409
344,2962
4071,1035
3950,4870
1737,3873
2344,54
2217,582
3972,3333
3840,3649
901,3535
3923,2540
2030,1677
979,1473
3542,4255
161,1764
1388,706
1010,4999
2664,3573
4069,2350
3780,4248
3249,3387
1765,2004
1174,1120
2199,2286
2050,594
2362,3665
4943,2392
1358,103
1565,1004
831,3517
2896,2112
4987,1308
1836,1292
3933,4191
4139,2318
3950,2201
4711,1499
2551,760
4432,3096
848,3040
3986,2110
2175,4470
2591,3504
1187,685
811,1259
3027,2852
3954,885
2419,17
2476,1853
225,4191
3289,1681
1494,2759
1497,2787
4361,495
4401,499
3312,2415
424,696
1779,450
3853,2975
140,4030
1956,1462
1390,713
1690,2495
3877,4317
3534,4627
681,3111
1380,2393
2773,4877
3723,1307
1575,3873
751,2388
2193,3235
992,3902
2835,1103
1190,1442
1727,3525
569,629
2050,1758
3279,3076
2579,511
2944,2889
2035,588
3052,2403
646,780
3044,3093
4993,1127
2528,72
4818,2185
2602,2190
1264,2956
4792,4129
2739,431
2622,3351
1011,4365
4500,4941
3681,4432
1066,4101
1970,1280
1615,2725
3247,347
111,1824
1165,1306
2570,4032
2211,2061
1766,2750
202,3352
4582,3494
1510,738
3929,2271
998,1217
2044,3560
2552,4591
4466,3249
4027,3992
1970,2322
769,2507
1138,1409
4478,996
743,4324
4931,2913
1415,1309
966,3123
4010,392
2207,1507
2089,2787
2635,2818
4037,2829
3496,2944
3866,3023
3712,484
4691,1983
4156,671
3368,1775
1147,4227
4582,2731
4294,4821
908,1867
1390,3237
329,2443
1679,4338
4431,513
4597,2872
3575,4427
308,3981
3354,1851
4328,3421
627,348
3601,3268
3172,1546
3634,589
1525,3767
1708,682
4345,1417
4590,2815
3162,3381
4284,4664
2768,2194
4505,3361
1525,4970
3027,710
1192,742
4937,891
3850,3476
1646,2832
2162,773
1524,2170
4521,1649
3847,1844
2452,4853
355,3196
4877,4803
415,2404
2263,2474
354,4582
2570,1519
4638,4118
2206,2567
4058,1598
1048,4179
74,2459
3663,4689
791,272
3292,2477
802,3394
4560,1640
1487,4432
551,2203
3023,4220
2312,4138
951,4653
3995,3716
3940,3875
2183,2561
2231,441
3966,288
2603,306
1541,337
4132,3494
2168,2314
3336,1175
2224,458
3149,3865
3589,2449
4262,2304
3180,1317
3376,3078
3947,632
1615,1052
4902,4857
1975,3603
2535,463
1021,2437
586,4294
2586,2506
1839,2258
3445,1472
3586,428
453,4807
756,3513
3565,4890
1811,3185
617,1157
532,3289
1900,3896
1034,4961
4306,1400
4048,195
1330,3616
4706,3815
3607,392
183,1494
2903,4923
2804,1617
1156,650
4118,349
693,3990
4402,279
1083,1883
1807,3562
1483,4739
1622,1664
3216,680
240,522
348,3255
4798,925
752,4577
257,3919
2856,1635
3628,3636
2578,4519
1241,4673
575,4687
4212,2887
1096,2030
4131,1293
2853,2666
3362,3814
3684,3863
288,2169
3490,4459
2664,4568
2763,2922
4496,332
1643,4819
4778,2073
3416,429
2848,1973
2477,3060
234,4921
3763,2974
2145,2062
4854,567
775,2189
2652,480
4783,4411
2444,3978
1091,2335
182,477
1118,2259
1661,4526
3469,1062
2293,2309
2876,2900
3863,3941
2544,596
1547,1223
549,4280
3466,4969
4372,4393
4593,3394
1577,2804
258,2666
4997,3477
129,4452
3689,1849
2398,1688
1809,1050
3870,3502
2458,373
637,1774
2947,603
1553,3372
1978,299
1207,3496
3166,4756
1200,4398
3136,4541
3559,1220
1855,4149
4818,3616
2554,2389
1148,463
1438,4391
4192,3595
4833,1453
2272,1338
2005,3735
2621,1353
4671,1508
259,736
57,2577
21,4519
4176,4930
3442,1059
3610,2673
4539,3205
68,4348
3036,793
1897,1335
212,436
567,2791
3118,4744
2213,3940
133,3064
1377,4732
4595,4287
3755,469
3457,904
19,57
1874,1264
1701,2764
3985,4582
2846,4071
957,2780
4379,2357
2961,1425
1422,3011
3355,4920
795,4011
2589,2975
1894,2850
4000,2062
1387,2073
4920,2811
921,1796
4733,4599
3798,1116
4102,1713
94,3676
3065,4396
4685,1749
3931,2078
234,3338
2965,2052
3292,3027
2255,763
426,1808
1796,3851
4616,1445
2160,505
3022,3809
3548,3315
2251,3907
3841,2841
901,0
4682,127
2350,4765
2523,1155
3840,3303
3934,3495
4864,1756
4140,807
2665,4217
4523,2188
1720,2289
2944,2870
3080,4980
4459,947
2084,2922
2568,2273
2362,360
2023,4450
3157,3859
3746,3488
4183,2646
748,817
1884,525
3554,1818
3876,1482
3477,332
723,1723
4507,1068
3119,2876
1077,189
2660,1055
813,4849
4978,4181
3152,2924
2457,3500
187,2456
249,4262
2211,2879
4434,2126
2414,2888
4765,1710
2992,4119
2330,128
3265,3891
203,4374
4992,108
301,4737
82,1985
224,2914
448,4385
1871,2780
268,3909
4635,374
4233,2678
3985,4121
4904,4061
3798,4416
3746,1451
43,1953
1914,2706
255,339
3043,3291
4397,953
2065,1416
446,1999
2808,989
1929,4429
4993,3704
1197,4920
1399,39
3594,3406
3559,4266
2012,3153
3558,3691
212,4175
473,4834
3671,3647
4815,1967
4895,860
3992,464
2824,3132
1357,1658
3945,792
1384,412
2297,1469
4906,1043
3890,3500
2217,3084
3079,3811
3465,148
474,4183
4330,4385
4080,2197
3534,1637
93,3692
2161,2612
4609,837
2728,3557
3754,3412
2856,3189
3492,3001
3486,2199
3994,4847
936,3147
3497,1257
1814,3069
1126,788
1315,4309
4561,300
2745,2849
4786,3296
2535,1420
2754,3093
2967,3554
1299,436
4010,2928
3669,4335
2681,3466
4624,2950
1857,20
387,344
3470,4098
4210,1790
2898,50
1954,543
318,2465
1785,2605
4582,2620
71,1427
2131,2211
684,326
1108,618
1711,548
1328,3034
1999,4634
2135,150
1658,235
2682,2525
3439,1436
4701,464
4211,3239
2210,3111
1725,4096
4791,3578
1308,339
4314,3907
3678,1885
342,4328
466,1970
743,908
336,3275
1296,3321
2573,1447
1151,2184
4377,2991
1275,2879
3600,3097
2393,863
1178,900
4387,925
4687,1576
4827,3471
2084,1449
4270,4223
922,735
2001,2868
4411,862
3585,623
2932,805
452,1557
1687,1919
2523,2289
614,2571
3811,4293
2602,380
1279,4754
2190,4424
1993,3207
3688,4320
494,3852
669,4489
2077,3349
4554,3711
3956,135
205,1762
2399,4328
262,3874
750,870
36,598
4606,4981
1991,1605
171,2087
347,2278
2558,543
255,220
2881,4489
4810,2231
2936,251
1125,3246
98,2110
4610,357
499,111
4235,4963
585,123
1199,3255
4546,1658
3556,2997
797,4812
683,2185
4239,3079
4505,4252
1803,234
4099,2555
4117,4459
4430,1551
853,3437
3719,2827
2452,2633
489,498
844,1335
2145,473
4508,3301
1764,4361
3146,1179
4764,4895
2816,45
578,3648
258,492
3231,4388
2818,3646
1654,1675
622,3902
800,4561
1690,4387
601,2457
4424,2826
4844,3866
145,4632
1197,3559
1748,3740
389,2195
2382,21
4685,2515
2925,482
1122,3275
1506,2682
2074,130
3983,3149
3574,120
336,4156
3219,3529
2286,572
3279,1043
3624,4024
4116,705
1321,4452
3818,974
3777,3819
2141,1470
1976,1446
4736,708
298,3563
4892,4867
1693,4345
2497,4654
1883,1266
20,557
1635,3372
3276,1843
4555,2774
4162,4648
940,83
1599,2291
4513,1603
4713,2579
2970,2776
2238,3019
4150,1399
4294,1317
3315,1290
946,1831
1990,3956
1749,2573
1029,1661
2007,3483
3981,2144
3874,2434
1309,529
1273,1834
2938,1949
1018,456
2621,1324
2426,3426
442,332
2818,2704
77,1675
1414,1150
116,2678
4400,3034
1152,3218
1233,2529
727,3733
3037,2112
1053,1229
2804,3959
2890,494
3083,526
1063,1464
787,3692
2358,4856
1490,1749
3701,3247
3792,1956
1466,1998
1383,1956
437,1999
3924,3905
91,4225
470,1720
4381,4881
2696,3282
4168,130
3725,3084
904,3595
4276,642
3793,2102
1662,2134
3959,2048
186,429
1827,2787
4309,3844
1096,1642
3172,2664
3565,1360
2059,1225
1025,4241
3348,2967
2689,800
3518,4863
2454,1149
2377,490
4527,2302
4333,2762
680,1666
2486,496
411,2156
473,2181
4372,3345
1896,2325
4821,1325
468,3938
1369,2913
263,2657
292,2883
1028,3668
1563,4794
3997,1797
1595,2457
1220,2519
1562,3884
4868,324
3183,1922
4981,3045
1529,218
3653,2857
2744,4079
3082,1246
2572,4674
883,1749
3812,218
1282,2496
853,492
1475,3910
1838,888
1236,1550
2311,2977
1399,1196
3376,3500
3238,3914
3446,3684
4708,2376
540,848
3464,62
1043,3631
4662,1794
4266,4667
3062,4724
3088,994
2417,3247
2479,2724
516,1127
4820,1968
577,1507
4680,4553
691,4124
145,2563
2424,1639
1875,3843
3123,189
1174,1528
4414,947
887,2765
4534,554
3551,188
30,3113
1993,3465
1213,2426
4572,257
3761,3355
2101,1636
4506,4505
3119,4505
4553,3763
1459,165
2166,1778
3044,4451
4076,702
1650,3883
985,221
26,1399
243,1559
1498,3752
4653,839
3676,4821
4494,1049
3598,944
3095,4337
1961,500
642,3714
1194,919
2101,2699
1302,4207
1280,3922
1523,950
216,864
4184,2856
4625,4335
3511,1524
3628,2241
427,2373
1697,2365
3259,1480
4753,921
4354,3288
3276,3784
554,723
1932,94
2526,863
2509,611
1119,2450
2371,823
3731,4746
2736,3378
4810,3506
139,3567
328,276
2697,986
418,323
4869,2416
345,41
3728,1595
1097,2495
1844,834
1532,2881
4966,3889
2787,2694
2727,3597
2888,3764
3029,4728
3198,2748
1646,2485
843,2659
4125,1252
3924,1909
3811,2349
2333,3392
4435,2551
4335,3063
1346,1311
4117,923
3319,2262
3515,934
191,1272
4952,2328
4473,4247
3941,3062
3559,744
2823,671
1466,267
1277,1545
235,4501
1833,2519
2002,4261
944,634
1239,3009
4031,4871
1966,3389
4157,1873
3344,3435
320,3844
568,175
3971,2159
3581,2637
688,4771
3888,3615
3489,4369
974,1360
3737,221
3401,2973
2078,1799
327,2298
2426,3756
4700,1397
914,975
378,4515
4096,245
1406,4600
3718,857
611,1292
885,1369
3380,3880
1795,376
3358,2305
1164,2488
1242,3488
3899,139
3075,4057
1493,1638
4086,3550
2425,2394
1765,884
3629,3122
3046,4936
3484,449
4593,2174
3784,2580
1520,1173
2609,1344
1981,2480
931,196
4561,845
744,1377
253,3371
1675,3495
2955,4394
4078,3729
3978,4187
766,2738
1329,3803
3740,160
2224,1647
2756,1050
195,734
672,3340
1980,3647
3046,1206
1506,4102
545,862
4726,3579
3544,4806
1024,3321
2130,3768
1104,1980
4145,1543
3931,4364
4317,949
1419,4466
3631,3335
202,4527
3029,2593
1596,972
2370,4660
1575,2454
3454,3833
523,2787
697,1339
4272,3432
874,315
4667,2374
1147,2534
3941,4161
1682,4300
915,4405
2455,4812
2436,4587
4225,2228
4761,2673
4986,2563
216,4110
1695,4330
1651,1498
4978,1561
2934,1395
2711,752
527,1642
4600,3602
2844,4042
3464,1814
160,4325
3390,976
1738,4878
2898,4193
3139,820
2193,893
2418,290
3592,567
225,1232
4106,2971
4543,4155
1145,4469
949,1847
3606,1433
2831,4329
4170,858
3510,4920
1889,2860
1668,4199
680,2446
1729,4377
4188,1176
1886,2257
4884,3120
3043,1236
2481,1226
740,2322
3123,742
2742,4513
905,2761
4161,2355
2093,3841
1740,392
3093,3377
534,4627
4371,4881
374,231
257,2167
4862,76
1821,3061
2867,3898
937,3777
1198,654
2010,1349
119,2797
3264,2841
3252,4311
4616,663
1914,938
1965,1153
2447,1756
2107,3972
2401,2753
201,2830
2235,1286
2331,326
4268,270
4481,1023
2373,2167
2799,2413
1700,117
2527,4455
1764,1865
3023,4906
4170,1468
3183,3378
1504,4388
3616,4611
1822,4229
4295,869
2189,442
365,849
2080,4858
1456,459
3012,4509
3055,2134
3910,3221
960,2169
38,4735
1304,2123
4794,4189
418,568
3612,1740
410,297
2508,4304
1106,1949
2674,197
100,2346
1987,595
3161,1926
1497,1926
3451,2208
1239,1915
2515,2155
1040,3736
1322,3394
3051,819
898,3381
29,686
1273,3197
1481,3587
136,312
2953,3681
2283,4156
156,993
2656,4970
883,1898
2960,395
4951,4004
3599,4522
3276,2746
2465,3288
4160,1966
4717,4263
2565,3863
4459,1710
3047,4677
2471,4317
632,2438
3730,1540
2922,4258
937,3407
1831,3017
264,2883
83,3173
683,513
4142,3313
729,3959
314,4873
3975,2133
4240,1968
4912,2498
1188,2017
3428,1736
1659,1865
134,103
1849,2386
4000,953
1892,1819
210,1709
4288,2274
2375,1656
3876,2827
3846,3820
4490,580
3205,1517
4757,3559
1179,3053
2472,1396
2157,4162
2834,4985
266,4789
1599,1020
395,4973
30,3543
3820,3768
4204,2476
3416,4303
2187,4949
1979,4332
933,4378
3845,3844
1329,1064
4124,1505
335,503
3040,2045
1741,4496
3149,4229
1401,3244
1058,3931
11,16
335,895
1235,4948
278,3059
4455,2964
2146,2043
3930,1096
82,3383
2655,2208
1524,2574
3678,872
2746,4049
376,4910
4358,1784
2213,2593
93,172
3979,2770
3275,3277
4623,2442
1656,1980
316,2355
2688,1607
2753,1458
2602,4199
3976,4083
3654,1519
1203,1309
3908,4860
960,2441
1516,3168
2255,4305
3980,3615
435,2814
2219,4956
4968,1847
1338,3501
2035,2294
3155,507
4036,745
3118,1457
2368,4519
1118,4743
2176,1941
3876,83
4470,3898
3429,846
2197,3450
3915,2300
4002,2133
923,3771
282,2801
669,698
4785,3609
1609,3978
4129,4790
1594,2359
3368,3657
2241,462
1581,2946
321,1005
2900,4643
314,4482
1454,3724
774,3724
3663,3622
2522,3027
2010,2910
573,3620
1050,3881
1093,231
2008,509
563,3995
1627,3675
2093,276
1634,110
3935,1019
1291,728
231,2502
4821,4044
4620,1312
4618,2964
4303,2439
1124,4746
663,285
982,273
375,4427
4465,1256
3575,2347
4599,4333
4867,1386
2889,1077
2599,3016
3186,2745
4865,497
487,1146
192,3615
2547,4887
1193,2776
3812,3347
212,510
3129,3847
1609,2722
4466,1914
3543,1523
4808,3776
2655,3393
2555,4873
4140,1501
2804,980
3025,1988
2074,2653
4821,4972
3353,2808
875,3724
4243,4624
1098,4631
2326,1654
1940,3858
4029,886
1425,1966
333,1832
1625,4113
390,166
1020,1908
4366,2115
1671,2530
3423,902
2624,4761
4866,949
4995,3563
3248,511
994,3986
4668,595
519,1188
477,3119
3710,4507
2931,1386
2126,998
874,2502
734,3596
2459,3537
4714,3701
3590,3167
3338,482
4094,3077
3554,3008
901,4074
1181,927
1215,2727
3794,809
4397,1073
3440,50
1195,2062
153,1192
2228,2206
480,3215
3521,4390
1505,471
197,3800
4706,32
4114,3755
3465,4185
838,1866
4759,3034
2165,689
597,3032
661,1350
366,4876
3847,2526
4882,467
3749,3877
2120,1647
4064,3648
3806,315
2193,320
1099,321
78,1846
4157,3123
3728,148
4548,2009
2721,2888
2664,4910
1677,4190
1893,4999
1883,793
4287,4004
4582,1132
572,3921
1162,1725
84,4678
853,4318
3196,4165
4809,1148
4885,1585
4759,578
4626,4995
1263,4785
2760,1557
2371,3977
1700,3084
4820,1645
2136,2227
1209,4579
2934,4077
1988,866
1407,3224
4412,4174
3516,2247
467,384
670,2637
2958,2220
1554,2291
2463,2864
2845,4352
608,2577
613,3552
1797,1447
4130,2038
3777,3816
668,3901
1339,760
2457,4278
4478,639
2022,2789
3015,2850
1835,3672
732,4010
4064,2441
641,4593
2614,1344
2363,504
3188,2023
304,3053
2079,1436
1192,3733
1991,2157
368,2888
1588,189
4234,446
4288,1358
458,2966
70,1135
447,1592
2427,2199
339,1872
4589,4908
2625,4016
3382,2950
587,2138
1500,1339
3634,677
2201,3374
4782,2472
4707,1585
1102,4071
1748,1875
1351,2706
859,2933
994,3879
1066,3328
3626,1451
2432,3960
4335,1158
2260,946
90,2270
4196,125
783,1033
4095,2902
1456,4274
564,1012
2273,3160
842,4639
3357,305
4090,4013
590,2621
168,3207
3359,3245
1760,3997
1082,4454
3135,2731
2302,2087
931,4472
848,306
1175,461
4422,1154
772,4787
1374,3218
3457,845
4117,3820
3763,4308
385,1310
2007,1971
1867,276
1890,4949
1938,3975
4723,3257
3582,3116
70,4605
4981,1289
1373,3150
706,286
3388,2367
2044,1434
549,101
1935,2740
1934,3301
1826,1639
593,1608
2888,3521
3112,489
344,1578
4521,2000
3520,2034
446,4374
3545,916
2261,1460
3433,1163
469,4621
4791,179
379,284
2919,296
1020,454
1226,2812
2423,2242
4475,1715
3386,2057
1128,2437
1123,1825
3662,3038
3629,2133
2173,3569
1148,3296
242,3611
2247,3191
3849,4269
2897,3445
3921,1383
293,51
1920,3254
2881,2050
3081,4567
4317,1243
130,4207
3983,2166
334,1572
4629,4744
4431,98
4465,4237
3291,603
3982,130
971,3638
809,75
1149,2239
2496,3913
173,727
3824,241
878,2776
497,3331
4005,1976
3733,352
1677,474
1066,976
1013,4008
3682,4928
4704,1236
262,4756
24,4921
575,3900
3931,1788
1353,96
4256,289
504,4097
2084,504
1641,4199
2763,1406
2801,1330
2612,2421
1333,2248
3213,4471
932,35
1116,4604
727,2451
2508,66
2066,1836
3860,247
1092,240
1202,670
4757,2409
4536,3935
4807,3178
4279,713
2199,2031
1214,4648
518,977
971,1610
1706,2390
4231,2601
2925,3407
4937,3591
3918,3625
1114,2367
522,586
3422,2844
1653,932
3567,1361
3138,2381
2978,3722
1403,4874
726,4501
1970,303
1166,2983
687,4322
622,519
1126,3279
4208,671
253,3557
568,1697
1952,4907
4034,1611
1839,921
1998,3743
3733,4554
488,2671
534,1458
4437,460
966,2868
4812,2025
627,243
4335,2889
4239,1384
3102,4880
3626,185
2208,2292
3990,2581
748,480
1515,2042
127,2893
2558,3958
943,3160
275,1803
902,377
1489,363
1677,4650
4991,190
4864,2948
1071,2922
4772,1238
1145,2486
4232,1865
3581,170
1198,3253
2209,2990
4749,1425
1277,1287
4129,2019
326,3743
2410,2661
4882,4865
1644,2339
4247,2819
279,2280
919,3932
58,1309
1751,4991
4136,409
1075,3184
4694,597
1552,1509
2456,1748
1148,2632
3491,1579
4376,500
3720,2424
3560,220
841,3949
866,2865
4379,4441
2687,269
117,3450
2681,1940
2590,817
4004,1804
4684,2397
456,1111
2384,1158
2392,2338
4568,3892
3611,1811
157,1283
4802,459
4662,2653
3326,1475
3323,1618
4895,4559
3915,4331
4689,1918
225,2656
780,2470
1476,3745
4681,3328
171,3466
2748,2429
71,2872
3496,3505
4189,2299
4850,3105
3518,196
4522,1848
4660,162
88,3019
1515,627
3328,1170
1676,4134
4775,822
2837,1490
4611,1056
652,2005
2313,1785
1012,2965
3755,197
4996,4579
4216,1793
2427,4095
4446,4108
395,4329
4121,2064
4830,68
1767,1505
4959,736
24,1618
3887,937
333,2879
3764,3938
167,2164
487,87
3434,1410
2546,1881
2135,3741
3316,4074
289,786
3580,4885
906,650
1763,1006
1865,1944
1990,299
3424,2269
4957,4133
1114,3255
4321,2634
1102,1915
2267,4560
1455,2540
399,1740
4480,1693
1888,3599
3347,1340
2154,4890
1488,4207
1200,2469
1211,736
4097,2384
2920,4198
2045,1243
1068,4353
92,2759
861,2768
4483,3189
1290,4500
1067,3631
750,3875
829,3353
2050,80
3952,143
748,1176
4521,4958
2477,1163
4426,871
3176,148
1848,3234
123,4242
476,2301
2523,1062
1501,1048
820,3062
518,1755
4370,2252
2401,4512
575,2643
4162,978
4779,3463
3783,2654
2604,589
3483,2545
810,3155
4127,4757
4831,604
3016,2042
4032,2209
2348,4192
2610,3935
2920,3470
4834,959
4346,1082
2113,4993
396,4639
3741,960
3815,2521
2050,96
4301,496
604,280
4953,3810
1382,1389
3567,1445
1287,3306
2977,744
310,3804
2760,3948
1689,989
2295,2628
4580,4612
283,1548
875,4366
3936,4245
2611,1311
3636,1727
720,2436
1081,3186
1444,360
4238,1342
1301,2630
3269,3109
3107,3787
4565,574
4322,2265
2201,582
376,4585
150,4043
4698,1659
2057,4156
3510,1158
4830,2827
3467,1343
4328,4856
3339,1355
4516,604
1426,1574
3332,3888
4258,372
1640,334
3039,4766
3574,4176
860,3507
1651,2625
1878,1738
149,883
3955,4922
875,327
2023,4894
2898,3726
1107,1780
815,3059
964,107
4303,283
2680,3890
1528,2093
1219,1483
1405,672
4646,4363
4253,2087
4301,918
3111,495
146,4969
4728,346
642,1801
1162,936
142,93
4055,3537
518,3457
1363,2907
1497,2550
1544,1604
4976,3718
974,548
3747,2751
4614,3484
140,4419
4999,622
3045,4765
4640,528
597,3888
3245,915
3053,4255
1173,3078
2378,84
2957,1900
889,3404
3960,3626
3933,1371
3720,4367
2558,4505
2487,4644
867,488
4269,4776
3591,1494
2471,3993
3320,1278
4960,4821
4436,406
859,2145
4725,100
264,2141
1239,4825
3398,629
3786,1670
2266,4932
3011,1608
276,428
4715,144
1926,3249
4296,3284
3478,4671
4848,2032
2458,3341
666,1225
4221,1856
1713,1696
342,732
3596,2421
1607,2474
2033,270
4768,3155
1467,1494
829,4849
1752,2449
2706,3688
2988,1756
449,1610
1691,4598
4883,2273
2914,1277
2141,581
1514,842
4263,4868
4767,3341
1343,4356
4554,4208
4869,1965
4118,1324
2593,2952
2033,1875
3309,2989
1299,46
1765,819
1957,1946
2691,3091
4615,679
4285,3976
321,1348
3668,3276
4843,571
118,3096
960,2356
3599,4109
4814,296
4147,1137
2602,4516
2219,1485
1843,4513
2290,2999
501,213
3428,4465
3077,4233
3532,4232
660,1923
149,2694
3611,4834
1307,539
399,2805
1599,1852
1967,1076
2293,1685
3021,743
2507,1017
2131,956
377,3939
654,434
1772,385
909,3512
1695,988
2328,39
4067,4730
3492,2659
4456,337
4266,1268
3263,4207
2413,2160
1245,2008
1341,1533
4684,1716
4098,4626
3796,2392
434,4835
1157,4173
2330,3371
3460,3912
875,2748
531,1099
2292,1799
170,2218
2576,4970
843,2946
3601,1097
2209,4768
196,333
327,4800
2659,307
4414,4331
2032,548
2460,3661
4560,2455
1188,4320
3676,215
2020,3846
3006,1529
2471,2098
4841,359
1703,1146
1138,4634
384,1691
4573,1026
2009,3855
1835,4277
2434,3548
4350,4786
508,1095
1247,2491
3643,2808
3058,4286
2239,2025
3617,1482
1401,3641
55,3587
3074,3100
3633,269
304,766
2952,1207
716,880
3511,1564
892,4848
440,2053
4310,4443
797,1003
768,741
1179,2080
4537,2523
3522,812
4233,4790
413,4680
1339,3988
1355,3986
4237,192
1501,3308
1318,1080
2669,4782
136,1892
4982,2562
4713,668
2057,4637
1732,4841
41,1676
3242,2710
2131,3091
2618,2916
786,2810
4683,4119
1350,3921
3878,1650
4853,1238
1059,177
4569,812
3168,1005
1153,3071
2643,3647
734,3903
2894,1093
2970,3712
3168,187
1050,3001
650,591
4325,1385
2627,2560
979,4790
4347,1763
4963,1148
3639,4637
4210,4237
2299,1650
130,294
4835,4825
3932,3917
2220,2071
1315,52
3018,1283
3391,3136
3554,1352
4388,63
4951,1628
1422,3315
3315,4131
4431,4371
3011,4291
831,4530
1262,4975
2117,2327
1843,3831
1568,3020
1537,3988
478,4066
2854,2868
1993,2997
1661,1625
4262,1970
3837,1626
738,4354
499,2858
4375,2625
1562,4393
4959,3362
1459,4636
866,2150
2059,2124
1930,3575
3269,2378
2825,486
4246,3453
2326,624
3977,358
1183,2125
43,4283
4749,398
3829,277
252,752
4370,3690
2294,1079
4502,2841
3211,2666
417,4013
943,3763
2941,4815
821,3160
1924,2470
209,4163
2729,3544
1673,2153
4048,380
937,1816
2290,2458
1146,2254
1829,643
1264,1904
1100,3215
1686,1579
2777,1979
2621,2117
4362,3689
1913,1475
4408,2067
2313,3048
2938,4198
1410,1775
3574,1955
25,73
1897,3306
516,2729
2625,4836
4033,3115
1269,641
2547,3087
2053,1743
568,2140
1743,719
2549,2066
362,2060
2314,366
4845,3365
1737,4598
3081,3364
4334,580
4360,2098
1234,3930
1615,4180
2448,2751
1005,526
2845,3334
713,2204
2080,4130
4793,1418
4246,897
2286,1211
528,2494
1910,1464
3486,3212
2912,4780
4,169
4389,1362
2172,4135
1872,2744
2214,1399
1763,3998
2307,3305
1519,4160
930,2331
4222,3554
3677,3137
113,3122
1080,2524
1963,751
4852,1345
4996,1689
468,1417
3244,4254
3450,2958
1533,3322
4557,1462
957,1960
4255,61
3834,3416
381,769
4232,2991
4890,4559
4968,3880
3778,1769
2364,724
1738,134
1036,3445
2295,3765
2127,1572
4928,3886
53,1485
2369,1504
1832,150
69,868
3663,475
1664,579
2190,2652
793,238
701,817
711,3644
1338,1015
1156,4721
4476,2082
3498,1782
1387,4324
4214,2849
2254,4490
248,4092
3233,607
3676,3097
4970,2623
4279,1781
681,4520
2618,1717
4426,4326
4882,447
1263,4588
2393,3976
696,3801
3765,1544
4342,132
2002,68
3215,3459
1783,239
4716,4980
557,3038
3292,4351
2999,3612
1615,803
3459,490
156,1127
2829,259
3781,2114
3004,3867
368,1486
478,4484
1272,830
2573,683
3206,4687
2078,4378
1370,3000
3284,1412
1041,4446
4216,1098
1267,978
1361,110
137,1153
4807,2845
1326,2217
1625,3473
3222,3194
1131,2235
2073,2834
4554,3027
810,1731
2934,3731
4827,1135
755,764
237,2213
3858,1263
1913,4378
4901,1609
1740,2204
2336,1887
2116,3136
2144,3627
448,515
1830,700
3915,958
476,422
347,1154
1598,398
977,4680
187,4428
4606,4201
552,1985
697,3791
3254,4691
1653,3754
836,2403
2706,1253
1221,1132
2616,4598
3732,3983
216,4493
967,2250
3690,4387
4520,1179
3559,1558
1826,3655
2831,1790
2206,1396
4228,128
806,1868
501,884
2969,4972
3596,226
1819,1465
3539,4149
3465,1938
1059,3363
4575,2500
1983,1033
3800,98
3791,3993
1684,330
3127,1257
1162,990
1676,732
2372,1969
1531,636
4701,2470
1074,1601
4905,2552
3703,1489
3237,4479
2032,4199
3551,2944
143,4213
2850,4078
2319,1350
1151,3833
1756,2588
859,171
3089,1149
2122,4693
2852,0
3297,598
4596,3915
4063,2923
4300,2490
250,4523
1292,4181
369,243
3457,1573
1420,1673
3414,180
1082,4736
1672,2991
653,4719
2436,330
4939,3130
4095,305
4578,536
672,226
338,4422
2825,2048
647,618
525,3018
3303,1219
762,4823
1690,737
4752,2797
3171,1977
1040,953
3456,3661
1981,4818
1642,1651
916,1049
4715,2797
3542,2159
2253,3021
2575,4816
56,505
1596,471
4923,394
4163,4249
3835,3282
4561,3850
3489,1867
1796,279
558,2778
196,4329
4077,4350
3200,3361
2353,3567
1334,226
602,1026
295,3150
2455,781
4487,2910
578,4117
727,1233
4785,3398
1360,1364
4801,3423
2793,826
1367,3496
1233,2287
2586,2236
294,1746
1277,3876
3161,4974
4529,4474
4406,2349
3569,16
2787,449
2369,3097
3873,4853
1185,2062
1131,478
3186,3094
2957,500
2579,831
4607,4536
3016,1894
555,4588
1519,2994
2044,1917
979,1935
1458,1358
1532,775
4684,499
2874,2838
1986,3136
3797,2761
99,1153
4716,2603
2411,3734
1966,3543
2090,1478
4373,3091
1146,1745
3979,1447
519,1634
3970,1162
395,1595
212,2679
4256,3896
501,2168
2625,3076
4348,775
1039,2665
1394,4512
2957,4416
1378,4046
3161,4450
2886,1001
492,4254
3262,2210
4012,3187
1848,4261
1147,803
1661,687
1339,3972
1762,3726
639,2867
906,4815
1058,960
4835,3125
3955,538
3300,446
997,3421
2120,2251
742,3056
3783,4099
776,1765
2110,4013
4376,4838
4727,2177
3082,3833
3059,1683
4311,920
1459,3717
4855,1106
809,239
4569,3992
647,1954
1960,2874
1794,3892
1373,971
1798,1526
2551,2358
1515,154
2770,1410
4762,110
726,1576
3967,4265
1051,3371
4387,1462
1846,3365
4694,2740
508,1367
2583,2091
3200,1954
4158,3994
570,3785
1416,167
2079,35
4026,3858
3266,616
1477,1448
1592,1151
2761,544
809,4617
4394,3838
2598,858
2468,2108
125,3984
4431,4254
1676,4149
1877,979
2723,3176
3194,3151
3302,3488
1604,1937
2815,1720
1423,3311
2644,765
2520,3976
458,3613
496,684
3198,2870
1237,1617
3173,4638
1234,1979
3888,1785
3306,2751
4324,1374
4786,1307
3914,4280
1379,4847
1083,2808
3403,4817
4956,3006
535,3316
2737,3093
2669,4471
860,3367
850,232
4474,672
3839,3879
3850,4464
501,542
3906,4413
664,1583
126,4124
884,3222
3467,1729
112,4390
2740,4797
2339,4702
4153,3737
4389,4856
1726,2840
1384,3431
3782,3198
3788,2993
4546,2848
1992,1147
897,3723
4210,635
2064,4430
4790,2903
4013,4624
215,4719
1231,2061
3360,4764
1283,4935
647,2713
17,1998
3451,4098
2910,3895
1946,2799
2747,1601
4681,1278
575,3209
1461,4466
2319,894
4210,705
4725,3170
4865,4464
3697,1527
1571,4691
2131,2921
666,332
3050,4614
2634,2496
2455,2768
4890,130
4164,1542
1167,3602
3128,4845
897,1643
2243,4206
2709,3442
1562,310
2755,3707
3673,316
4393,4681
3184,2597
4841,2531
1275,2195
1497,1155
3278,2804
554,1268
1955,3509
734,3095
935,1001
272,3390
908,1225
3762,117
4561,1965
2773,4026
1813,4979
911,4311
2450,777
4087,3346
608,3285
2895,182
4374,3017
1596,4476
4195,4342
3408,814
603,38
2769,4207
2346,2089
255,417
4418,3667
2506,2513
1646,4998
1858,835
1961,1570
3776,1898
2686,666
2102,2695
4565,1439
1575,2479
4418,2091
1585,593
3275,3353
1696,636
1936,1828
2215,1169
3640,4803
1758,4710
2317,719
906,935
2724,1004
571,279
862,4368
4190,2064
570,2423
1991,464
897,2711
2249,4054
1358,1490
1956,35
2716,463
3178,745
2236,181
4762,499
4236,1265
4163,203
1507,1237
3549,434
573,4344
425,315
3045,912
3348,3477
3345,4555
3275,250
1414,3104
4339,1204
3939,3298
1795,4235
2400,3268
1535,2602
4599,384
1214,1851
2656,987
1071,3893
466,3345
2387,2327
1040,3011
2983,4854
4119,223
2393,1241
1284,66
464,3100
4988,2062
1365,4118
4428,4892
3253,3103
1050,217
4367,4395
3360,4585
4748,4968
1687,4541
884,3993
2527,64
3626,3558
3609,239
1537,1909
4071,4561
4362,1440
3815,1881
431,1496
4072,1258
394,3624
3597,2926
124,67
203,2424
3181,1608
2029,3315
2196,3033
1045,4311
325,308
3569,55
2535,1574
3657,3022
936,3443
4018,3570
4434,3050
2847,754
518,3503
2446,4910
3785,4127
701,2491
158,1357
491,564
3396,3411
3486,4815
2533,329
1903,3305
747,793
3842,522
1238,1584
4216,41
1802,195
2057,909
3830,3096
1326,2763
3760,1615
3645,3399
839,3895
4227,1686
3862,776
1547,3196
4301,2944
3812,1816
2867,1504
1026,153
85,3718
2767,655
3218,649
455,275
1223,3248
50,3427
4450,2036
1915,1536
694,379
1806,1532
794,3980
4322,3759
835,2227
2313,3836
3296,4872
4376,1767
1759,2341
4129,1995
3117,4752
1878,477
1499,1304
237,2157
2710,1640
1162,3406
4358,985
2412,99
472,4689
2183,2238
607,1828
4907,715
232,958
3243,4704
2949,3360
974,3067
22,4344
3039,4995
985,3539
2095,601
3982,4216
1072,3396
2929,1062
1632,4620
2783,3337
4808,311
2041,3619
190,1658
4463,3505
3659,3012
1515,4976
115,2319
1988,1790
599,2904
1001,3620
1372,2115
3742,4478
2241,3698
2746,4357
867,491
3644,1425
4872,4145
1385,3013
2695,3390
4809,4682
3014,4624
1870,2311
819,2904
1925,4544
294,13
1373,1193
4040,1046
1020,1419
3661,3595
4894,627
2111,2098
3181,2966
2612,2817
3837,3667
523,1928
3453,3586
2862,3644
2151,2651
3945,767
4461,1086
1780,299
356,4502
4631,4335
3079,93
3856,4900
1577,3429
423,1980
3908,3311
2189,282
2475,2069
137,4716
2369,4249
1933,2631
2936,4991
55,1558
2563,671
4872,1026
18,259
1164,1899
2552,4297
4978,725
55,1428
1525,4290
4067,1814
4570,4972
628,3652
4131,1273
2050,794
1974,2051
469,1828
2675,4774
2048,4699
776,1437
1092,1588
1484,3390
3727,2589
1169,3538
1320,3990
4372,93
491,219
2333,965
850,1868
4906,3190
4243,327
3909,3951
1412,2640
684,3834
1935,4049
2178,4349
2479,1057
4119,3338
110,1314
854,4151
1417,3708
4303,608
2792,3644
1852,1047
741,4513
2483,1159
2274,3498
3255,3140
4626,348
1527,2273
1823,2008
1184,3300
2643,1524
2892,4067
1277,3729
601,2585
2629,4913
1555,4745
2494,694
2691,3112
3513,4533
1750,4894
4503,2758
4352,2267
2826,4829
3115,1899
1202,1051
601,1952
4486,2061
4367,4407
806,2938
2701,4387
4042,259
1284,4516
1739,71
4327,454
44,704
1414,3781
2781,1195
960,1057
3851,1915
2189,2607
3038,713
3064,3317
3963,1424
1633,1094
1793,3453
2588,483
2839,4038
1523,4638
3923,3094
3346,141
4676,244
3624,840
3362,552
533,4253
2465,4961
1048,3930
3865,1895
1778,554
4737,2125
1649,1020
3680,1163
3355,1791
960,2699
597,4923
4437,307
2190,1753
1072,1984
3203,577
3722,936
2490,2157
3138,4644
1673,4866
4957,145
2661,3183
2137,2983
3052,1137
3721,3528
3385,883
4218,400
1825,4398
2436,3583
660,2353
2527,4232
4310,2949
98,2454
4580,4522
246,3526
2181,2180
4232,4480
3267,3058
4814,2668
133,681
2958,1312
3381,1501
97,4255
3071,2330
624,1375
1997,269
143,3390
334,4610
2001,2452
1221,513
1615,4622
3995,2157
2417,2314
4198,660
3738,391
4045,2113
2478,2009
3301,909
2834,2621
677,1439
4198,3151
194,2013
868,3679
3129,4363
3242,3754
2473,24
283,114
2753,1169
1229,1119
1230,824
466,2042
1704,3180
1574,4375
550,1767
3875,3446
4672,39
774,4940
3973,206
809,2549
4417,3446
4775,1676
2913,4446
3157,2241
565,3169
1913,3612
4850,2426
800,4280
1441,4087
1256,2158
4282,1694
3157,302
4280,811
1931,187
1735,1323
774,750
4811,1565
59,4888
704,2481
2378,37
2085,4401
2782,4039
767,3604
1799,2040
200,4470
2484,414
1109,2514
4662,4529
3376,3701
4839,98
3903,1299
473,2755
3955,2669
2228,4105
970,4615
2551,4915
953,748
443,3529
2247,501
4118,1987
349,3490
2590,3366
3450,444
4858,2477
2877,856
4785,894
3672,3518
1634,4737
4737,2953
4251,2585
79,2261
3384,4080
684,3798
2424,945
3845,4010
2874,153
4276,4076
310,3855
2881,3876
2381,3048
1222,2593
1813,3246
1201,4149
2453,3038
486,2120
3933,2312
24,3006
4186,3943
1849,4958
1885,2007
1707,3427
4618,1816
4435,3126
809,2328
532,653
565,2039
3608,1569
632,4627
2014,455
2416,4829
4663,1922
515,4401
2826,4854
4710,2521
3045,2633
4515,4725
769,3297
4006,1128
2646,2648
2069,0
745,3265
458,4305
2957,58
1985,2584
457,4549
4037,2852
4366,2065
4684,349
3454,1778
3593,3962
981,2161
3763,1548
3227,4058
35,3927
2084,1598
1955,3171
2554,1445
2043,1007
1658,1813
4522,1377
3342,3558
3206,190
905,2640
627,734
4693,454
2574,3387
1774,4936
2815,4161
1255,2876
2468,2906
1974,4859
2445,2697
149,4100
2440,4105
3399,926
4749,2218
929,24
1032,2510
2761,3883
2116,1404
4587,4800
2942,4720
3804,3161
2862,104
3544,4408
3449,80
2559,2295
3368,988
1056,3241
2821,1015
3406,2109
4448,246
1257,4368
781,3999
4556,391
4269,1048
4360,182
4043,4830
3404,2529
4830,3692
2050,951
3957,537
4444,1343
3361,373
469,3824
164,1271
41,3434
1735,2312
4060,244
970,3431
55,2105
4100,8
3974,4857
1429,797
3358,4492
1754,4324
1138,947
2165,1185
4378,3379
3619,2495
2360,2908
258,1241
2070,162
657,3012
3147,148
2690,2457
1,1807
3632,3234
4602,39
2850,4613
2520,643
1622,2773
1084,4388
1985,2530
293,4918
3736,339
2134,3492
3849,4129
1428,4315
4406,2400
983,2550
265,754
3842,454
3536,1350
1765,1494
3414,4468
1263,3475
2187,3797
2878,2912
4286,3708
2156,3196
3432,3168
4512,655
1959,2946
4622,595
4202,1104
806,2043
4203,3941
4879,772
961,2053
780,3780
4373,1963
3376,1761
4574,1160
3741,3889
2799,577
1901,1562
1150,661
591,2550
2327,925
1786,2016
2390,4885
3407,3779
657,4642
1333,2174
855,4753
4619,1272
2500,1124
3608,1960
3558,2949
145,2840
3399,4874
1482,444
2489,1307
2598,3208
728,2084
1114,2014
1146,4404
3581,4959
408,4091
961,4379
1022,3897
687,2513
4063,2202
1245,3038
4099,3563
2594,1299
1140,4326
4469,1181
1349,1046
4768,1103
913,1216
2627,2216
2188,3361
3061,3111
2460,375
4386,3006
241,3034
2973,402
4110,1802
3059,4381
3277,963
3639,910
4244,602
1590,1828
2859,2307
2756,4341
2209,914
2411,4189
386,453
3247,1144
1317,3760
1267,4656
2503,2029
1839,2931
3881,1177
3571,4115
3109,4735
3893,2591
2793,1100
1477,293
1395,807
1839,1782
41,239
2433,1955
632,1779
3925,1702
4984,1985
4508,3965
1745,1500
4165,3055
4090,1698
1535,4590
2735,474
3003,812
404,2584
4784,2982
4323,4927
4734,3942
2044,4920
3062,4330
2368,3118
1642,338
588,4419
4805,3573
1403,1466
2369,2474
107,2472
3836,4236
4810,1913
456,4309
1953,2189
1299,2788
999,1394
1652,2956
2195,108
3803,4702
2697,2321
4994,468
4674,1652
2193,4337
3986,61
204,812
4654,1924
4346,3020
2738,913
2685,2439
1092,3939
3226,91
4121,2871
2499,2849
3414,1937
1661,3143
1216,3694
1800,4829
1925,182
2634,1930
3840,4956
4321,1585
3936,1035
3113,3430
4063,4234
4410,1309
1912,4251
4129,4746
1720,3175
1732,1411
2197,1955
3407,1183
2861,2344
2877,1733
3799,4146
4466,11
3763,1214
2330,2095
765,170
3983,1677
736,309
1699,429
976,4553
1674,2808
1249,2295
3489,2984
4896,2874
774,2593
1050,415
2512,2769
2913,143
2739,2137
2310,567
3631,2379
2452,4740
3390,821
1657,3670
2514,3483
4683,7
4007,4211
3901,3485
4162,4600
559,3571
3472,4382
1078,1498
1227,1701
765,315
1585,4667
3015,4612
3164,1030
3660,1182
4118,1734
4693,2313
611,970
2658,3753
4524,4171
3504,4685
3419,453
4989,4467
1494,4422
2109,3798
1700,1316
883,2089
392,3463
2714,806
1476,1575
1312,2658
4372,2421
2798,4688
2386,1403
3960,1809
1590,2083
64,4217
4382,2500
4023,2483
4476,2145
2777,2637
2002,3612
1677,3177
2977,3053
4259,2880
2556,4107
3965,3894
4644,2655
1519,4715
1401,1259
2743,3098
337,1013
4641,2071
3132,4352
3843,4795
4295,932
4554,3592
2294,2904
9,1403
4853,1661
211,216
2980,4478
4440,3213
3592,2214
4830,1434
4242,73
4322,3409
1608,388
2996,4896
1469,1926
4765,2342
1082,4964
1137,3973
2310,2527
4652,2835
2358,2638
4272,3564
147,2181
3732,2204
1336,1171
1165,2985
1873,3982
3086,3202
1697,953
2536,1498
1418,2962
2802,1012
4311,4360
4137,741
2783,921
3388,2865
1333,2349
1369,2158
3895,3570
4731,2865
3524,2990
414,4513
1021,615
1242,1340
3986,1958
2205,4507
4462,2489
304,2508
4658,668
1677,3392
1887,4833
3810,4801
1213,1150
2653,1965
2217,3026
3575,3109
2840,2471
3779,116
1771,3656
2247,3300
724,1296
2900,2477
924,628
4382,307
4163,4231
1971,2714
1359,3771
2714,3478
4201,4468
1794,3850
1724,702
3785,4662
1737,4505
1497,2517
3459,4412
3052,1671
3245,1900
1143,1429
1965,3500
3386,2032
310,189
452,2832
1001,253
2685,4415
4795,2301
3538,4139
298,3152
4702,2108
200,993
2190,4271
1343,1548
1750,4205
3494,1340
4691,1835
907,4897
2439,327
535,3858
3671,1719
4946,888
3381,2746
3994,2145
2555,2362
1803,2415
2058,4534
2816,3849
2456,3062
2755,99
3257,182
3303,1866
1748,4087
4925,3047
806,1019
1141,1228
3490,2412
3433,1935
2231,1232
959,1043
3702,2692
4660,4126
3487,73
1285,232
1371,1276
502,2713
1026,1417
4309,2959
182,2910
4412,1167
3424,2185
4543,4609
2766,3811
1343,3634
3759,3509
1573,62
680,1348
3657,3436
1709,4524
2729,503
1454,2321
3045,1461
2586,1340
2776,647
4163,852
3092,269
1678,2725
4528,1765
1600,44
2093,3659
4350,1104
1941,1027
1677,2673
1889,4526
2546,4491
825,4675
3397,1390
3745,2105
737,3499
1249,2085
2939,524
50,4709
4549,3616
4898,3406
4062,3052
4020,3974
2886,252
3927,2111
1262,2736
3600,519
334,4580
2124,1466
2332,3095
3774,1105
3245,1581
569,2613
367,3342
2046,3764
713,4231
4461,4929
3173,991
331,199
2793,3176
3543,772
3891,116
1397,203
4293,3051
1659,2623
4893,3021
105,2686
650,2802
4996,3452
3569,3256
2970,2180
987,1663
733,117
2759,3580
2398,24
384,520
1145,3599
265,1490
1928,3866
1905,3423
4354,2667
376,4473
1162,4581
1607,3683
3132,2628
2030,4424
355,2584
1827,599
167,1330
1085,756
3305,4877
2666,3427
1591,147
1958,3945
662,1843
2549,3648
790,725
4830,3902
859,1509
1574,4854
3360,1739
84,1146
2732,3834
19,3913
537,1034
3180,3895
3553,3179
3398,2084
1527,43
74,2611
3696,1795
2876,4247
242,2677
4043,2433
3597,3588
2086,3670
2021,1604
1241,2720
1890,2717
1198,4236
896,4095
811,2562
3132,3322
835,2808
4927,4561
51,1438
1788,2953
4344,158
2357,519
973,3345
2693,757
1373,603
4160,2767
200,754
4309,4486
4572,4884
1402,789
3272,3228
3053,4858
710,2186
3360,3757
1628,532
3519,3719
576,3230
1980,3942
464,4566
1883,2309
2194,1294
1059,3399
939,1916
4967,624
2696,949
102,657
196,684
4078,1560
558,1720
2923,596
893,271
3690,461
4176,3748
2386,2137
717,2021
1902,1913
589,2495
1830,4253
95,2224
899,402
2486,1268
1065,3912
1367,4873
2632,3891
3974,4306
3778,1219
1587,2192
3730,4931
527,4254
2899,930
4080,3560
1250,1929
504,917
2690,2438
4162,970
3567,1045
2340,3257
2739,829
1567,4379
969,1301
3448,969
870,950
1803,2265
784,4118
769,4397
2789,3913
2336,643
1805,2460
1672,698
4507,2285
4075,171
123,4234
771,65
2886,425
456,824
4083,3857
2582,1460
4167,1610
1547,3609
1158,1479
898,1216
2624,1615
2413,3401
4854,4692
2028,271
543,450
2895,634
2104,3195
3871,1749
453,1458
2635,64
2655,2895
2845,333
4021,2024
109,4563
4814,3017
3078,3666
2455,2358
4723,2067
1359,4049
3656,81
672,3237
2052,4428
615,342
902,2985
4059,2568
2168,530
1080,3860
4832,2692
2023,4600
4605,491
3655,873
1386,3960
2494,4375
648,228
860,2081
4957,11
939,790
197,4265
834,973
4762,3680
4097,67
4803,3077
1865,1411
875,4658
1887,3912
4243,1903
2409,1908
1621,3979
3065,1189
4559,4506
3665,4468
3382,2510
519,3933
1748,1727
1660,3366
648,2077
1446,3809
1435,253
3600,2401
2721,4309
4151,232
2259,4097
4821,1217
3597,2338
2126,1409
3566,2426
4968,1895
1560,4499
3309,1924
1736,2136
2984,4227
1510,1922
4056,4385
121,4045
3612,4030
863,528
1595,2256
2724,2295
3496,3000
4580,518
1476,4916
4744,2832
3326,510
1527,4653
4423,1932
1727,4776
735,518
2009,1660
4592,2049
1237,700
4160,1152
4184,2741
2187,194
3644,4852
2245,3456
4015,2227
4594,3550
363,1417
1179,244
2568,1670
1217,2736
4964,529
3599,4388
4439,3973
240,1209
4714,720
2711,1546
414,1240
2533,1328
843,4971
1515,4077
2259,965
4640,2264
3656,4686
4258,4654
1413,1686
3410,2929
1857,805
2358,4685
219,3241
3335,826
185,1010
2453,3534
4053,2309
3569,4383
4802,1847
3413,2084
1179,2805
2259,405
4133,2977
2178,2876
1361,3720
3281,1276
3528,4084
4611,3175
4418,1598
4347,1983
4148,166
2652,1400
3280,1934
416,4745
4866,3915
548,2744
4299,1533
3201,3888
1406,4151
549,79
3440,3425
3191,531
1011,109
4948,3070
3950,1047
3321,1246
4123,1828
3924,2965
1749,4509
1160,3707
2894,3458
2304,3715
3482,1415
2770,4994
3839,152
2588,4978
412,3836
3822,4302
2108,1616
2751,2509
2332,2272
56,1662
3952,2421
4195,2979
1417,4346
3302,3644
3505,2460
3330,3667
2267,683
143,1540
826,3291
4395,1074
4558,2101
3841,3833
2229,1701
2498,1406
1952,3459
2175,2901
4930,337
297,2345
3179,1075
4540,1063
3618,2851
702,3621
1903,401
1838,2229
226,1467
897,1092
2934,4707
2495,308
1998,4120
2019,3159
3639,4271
3025,3286
1111,4009
2777,2793
859,1707
3871,672
2501,4163
2354,1017
3839,1098
3309,3861
730,3866
4855,1630
3909,615
688,1908
4068,43
2975,1713
407,741
3160,1497
3554,1175
3679,2407
765,1223
3986,1271
573,1924
1470,1826
27,1289
4054,2202
2846,3444
1600,3305
441,1861
458,428
4891,4866
1258,1981
3026,4550
733,1776
2501,1543
2439,2796
674,1212
2570,3897
2838,4459
4534,4023
4304,3393
2653,3071
3804,1621
891,2717
1213,2813
2496,1769
4615,2422
1579,1294
4079,2860
4769,1248
4138,2802
4668,4461
3123,4736
3844,4266
881,4714
4568,2864
190,1574
903,2432
1889,1794
2646,2956
2629,462
2531,3315
875,1313
163,1758
2548,901
282,2683
1738,67
940,366
3240,2239
4195,338
4193,1140
3975,3901
3388,2558
2914,3781
913,4349
347,564
227,3323
2954,3307
834,1511
592,4154
3889,3034
1599,1314
3194,1590
849,3812
4905,2471
4091,1034
675,391
1540,3294
1931,1854
843,15
3979,3227
323,4742
4330,1604
1833,4670
2594,1517
945,549
668,4522
3339,500
469,2912
2539,4473
601,3858
3910,1596
832,855
3174,4853
2240,1632
1900,678
514,2157
4173,815
1798,3606
4183,539
2902,2520
3435,931
1919,160
2735,1694
2228,957
2542,3090
888,4110
40,323
1782,4257
476,3395
4341,2490
1073,4157
3078,4345
1439,647
2863,1875
1316,1182
3237,4342
3736,939
99,4838
1466,4148
2604,2982
1960,249
1550,2841
4150,1106
2816,3117
4780,2733
1625,880
4224,2757
908,3536
3626,251
877,316
2607,4193
3054,4505
1551,206
2411,3588
915,2211
1999,4558
2421,1633
3164,836
4159,482
515,1212
3624,3568
4447,3384
3682,3307
3327,1769
4302,2924
3842,1819
2873,2482
626,1428
2052,1578
4873,4337
1572,3582
3122,970
4368,3272
75,3137
4929,3801
416,3352
2045,2608
2449,1842
1807,1957
1324,1334
585,1139
2639,1994
4233,2963
3087,4876
3721,4945
3062,2429
4851,1489
162,3294
1431,3880
251,4435
2998,893
182,573
3071,61
4846,4259
2777,4858
673,4032
720,3174
3069,163
2931,271
2033,1302
1803,4663
4956,1848
2324,2484
1749,1029
695,3731
2464,1499
429,4600
3712,685
2902,4717
1549,3677
1887,621
292,3895
2314,3377
3352,1652
4693,1241
4926,4932
772,2108
3444,1781
2971,1475
1252,3461
2476,361
1372,1269
4360,3450
3812,3847
302,469
409,1866
3228,1337
1400,133
4531,4593
3315,661
929,1797
752,2399
2223,490
3111,3127
7,978
2453,1785
264,3837
1342,4838
3809,4708
3678,1834
3642,4390
1017,1703
2393,1192
2635,206
3466,4194
1637,335
3762,1029
720,1234
2892,3796
4479,607
1104,4595
4103,3988
3616,214
2952,3529
2576,1002
180,3350
75,1781
4412,2445
3293,1771
3552,4517
499,1899
2296,4696
765,4410
606,329
4498,4534
1325,866
1214,219
1182,637
3802,2944
500,717
1752,1417
2254,1739
2104,4336
973,2724
1882,1597
2394,2968
4402,1838
3634,420
1558,70
4129,2106
3575,1802
2947,810
3268,947
2556,3409
3385,196
1145,3611
2189,3950
3471,1481
3634,3039
2765,2598
1134,4225
169,4831
4557,2459
224,1631
3693,3756
1119,848
997,1884
2263,3890
1657,4860
4838,1144
2884,4310
884,3946
3340,3250
2141,1806
2437,690
4488,3557
1831,1242
3945,2609
4940,2110
3715,2382
2421,2040
4095,4314
3183,2656
2844,2930
1055,2434
1136,4393
148,425
3796,452
4198,857
981,2612
2433,3170
3547,0
437,4588
4009,4426
4827,196
2451,2303
3963,2803
4186,2764
2685,2964
4855,2932
3437,4510
4795,3669
4756,3870
2138,330
2608,2622
4812,2330
2093,4793
3572,2593
318,2748
980,4882
1751,705
1459,1983
2080,83
4382,4221
1634,1060
3950,1006
1975,1784
512,417
4078,3897
4659,3496
3998,242
2732,3988
3997,2463
4636,4117
4802,2878
722,715
4571,4518
1492,1725
3822,1155
1805,319
1058,654
496,3348
2729,3401
3034,1307
1875,2051
1557,3573
3786,3536
26,4859
3370,4006
4661,716
3776,93
2251,3428
1054,4532
2567,299
3439,176
2332,732
951,4727
90,3675
3164,563
3411,3678
2745,2482
3376,3644
4050,4427
3894,1032
498,318
2656,2898
472,4624
4729,1629
368,861
2871,1394
2315,3513
4148,3219
4681,620
903,3103
2458,2503
3695,2160
1686,910
2572,1841
2574,1302
3336,459
1143,2332
2374,49
1584,3615
2475,3052
3109,1959
2356,1925
3006,3657
2470,4674
49,1404
1585,1141
953,4494
68,3090
4770,1330
2705,1136
1993,3950
1323,2108
4379,469
3054,444
350,206
877,4988
2490,1579
852,2027
782,1844
936,3631
1070,372
4972,4405
1601,3740
3178,2545
1293,4924
3278,1584
3417,272
1520,1034
2854,3050
1585,4499
1536,712
1073,2851
4869,2768
3489,2324
1844,1824
613,2682
4257,2424
4259,4118
2031,3863
69,4211
1852,2238
1591,4704
1569,4943
1650,428
4181,4385
4530,4041
3682,1894
1438,1414
329,780
1709,4105
2247,3848
3123,4130
2142,2829
3696,3485
3016,1651
2468,4201
4010,3101
3888,3535
1549,4886
3910,3241
4804,733
2173,3340
3228,2117
4743,1781
1733,3502
2516,2309
2714,4169
2902,4185
85,1792
398,2178
349,3977
3892,3068
4502,4974
3044,2318
2721,1117
4724,1162
949,4749
3293,666
3812,4974
1424,4732
947,3236
1700,3584
560,244
203,4053
356,2021
766,3620
273,1042
3160,4795
3326,597
78,2461
2622,2223
384,1854
2466,487
2939,2551
2429,1876
4227,2103
928,4008
184,1111
2495,1286
3994,3436
3328,4064
711,4561
475,682
3391,2
4874,2539
3045,1449
2741,1951
4670,912
4340,532
4449,2929
1842,1625
3202,3208
1267,4011
1279,1862
1358,4250
1194,4629
1465,1993
2332,2524
4365,4235
874,4694
1946,2557
3685,2546
4592,3645
4123,4949
2166,2223
1014,2592
4741,833
2570,1784
4211,908
2532,2643
4368,2437
538,3003
1465,2317
729,2430
3978,1426
949,262
518,1626
1360,2448
4751,3768
2380,4234
1065,4280
1430,4200
1003,4464
1839,3226
2457,1651
3251,1970
4145,3260
1383,3357
1299,4266
1489,103
278,449
1630,4358
3935,357
1888,207
1872,3765
4895,596
2996,3963
3075,4640
4196,3708
3900,3930
4757,2273
141,3449
4478,4193
427,4956
1604,2441
3446,3394
3664,3269
3973,4165
420,3669
4558,4787
4041,2564
558,503
71,4192
4959,4697
4838,547
665,584
4925,1739
2683,2630
1204,2224
3898,832
4378,1869
1963,1502
3058,4114
1063,3861
682,3610
4186,2999
1488,4534
4424,3186
1172,2290
480,3636
1798,1347
4640,4997
1835,1647
2672,2301
1633,2376
1125,4902
1774,2693
192,2691
4027,529
4604,1576
2083,1779
1393,2676
108,623
4054,1381
3485,2597
3478,4959
191,4359
162,2655
1776,3028
4120,1607
4523,2960
1397,4846
4721,4020
2475,871
3290,1500
388,2722
625,1849
4746,160
3014,1808
234,516
3921,4695
258,588
3377,3815
3263,2104
2016,1704
2987,1178
2200,4429
4889,4574
3652,489
3164,1592
2777,3881
760,615
3323,47
3490,2106
3538,2797
564,4070
4695,84
2958,3817
2719,59
4580,163
4012,2864
139,1658
3074,1027
630,3434
1075,1249
838,1146
3370,4928
602,3801
2394,1513
3688,1043
16,3465
1626,2667
1798,1099
1221,2167
904,82
2902,1022
311,4465
4280,1824
4042,2404
2417,3621
2414,4754
4330,17
3034,2278
3238,1434
3036,3770
1822,375
4324,1507
3508,662
2443,2225
1835,17
3523,655
3017,4113
663,3300
2300,577
4405,3468
27,3391
1193,3481
2726,899
3593,141
4492,4658
4508,2524
1989,2038
4241,2112
318,3239
3913,4877
2018,4675
3433,2925
2293,684
161,1263
2435,443
562,4503
1241,4056
151,3044
2572,3737
233,2859
3371,778
3335,2077
3525,1927
3382,4309
1166,1252
3798,1362
2535,1517
1573,1071
3965,355
536,4187
2230,3814
3020,3415
4978,4492
4003,1236
1212,235
213,287
3216,418
1196,2243
2960,689
10,1411
4107,821
2109,984
3646,4578
3280,3018
1464,4692
4615,4894
687,3819
4789,4654
4783,2659
2167,4354
645,2014
1439,3873
2336,4918
3110,2853
4070,4979
368,1379
2468,2094
4483,1839
3691,1248
4877,2592
232,1430
1071,3027
51,1322
4761,3135
1636,2184
1565,4662
1457,800
765,912
1510,3128
4430,963
3251,1694
17,372
3092,760
790,3442
3483,87
3987,3493
3027,1099
1545,3891
933,1411
2171,4472
45,4712
1211,2877
3381,2337
4866,256
4534,1084
3281,938
4533,2577
1079,340
2076,3147
666,705
1124,2523
4430,2679
4942,4062
1612,1831
2292,3139
2660,4139
4691,3069
2042,271
2723,2259
3527,1326
2358,298
3052,2654
502,3422
2465,1521
4951,4336
4065,2024
4323,3123
2840,1900
3211,4180
511,1375
2850,2451
3492,136
1328,3284
2461,1923
470,1111
3050,3233
2339,4960
4285,4216
1665,4622
1319,4161
1528,4398
2791,3471
3884,1150
592,138
1933,1674
2582,3406
1742,1139
1455,1710
1048,2763
463,3997
2275,4847
1415,3723
1033,858
902,653
